Lon,Lat,Height Sea Level,Height Ellipsoid,Total Gravity,Free Air Disturbance
21.077,-31.156,1096.9,1097.0,979100.0,22.3391035097884
20.011,-31.593,1119.4,1119.5,979166.6313948022,60.81642761162948
20.019,-31.689,1174.7,1174.8,979168.33122842,71.82917391287629
20.019,-31.841,1357.8,1357.9,979143.9881573572,91.67516197392251
20.019,-31.381,1069.6,1069.7,979154.7232526764,50.60525550006423
20.02,-31.473,1090.8,1090.9,979156.1314115422,51.15813528711442
20.021,-31.52,1082.8,1082.9,979165.1690068616,53.94482340384275
20.037,-31.973,1280.9,1281.0,979167.9970545212,81.26146609918214
20.043,-31.886,1429.7,1429.8,979133.6776264374,99.89699832512997
20.045,-31.184,1079.9,1080.0,979138.05920587,52.91344039270189
20.062,-31.742,1243.6,1243.7,979159.7438011896,80.21372882300057
20.084,-31.512,1080.5,1080.6,979164.7423965088,53.452778000500984
20.085,-31.463,1082.3,1082.4,979158.3810553744,51.58996857213788
20.088,-31.802,1267.1,1267.2,979159.4605712612,82.32675577688497
20.095,-31.139,1082.9,1083.0,979133.9017777864,53.28144368994981
20.106,-31.615,1241.3,1241.4,979147.3531749503,77.36873359279707
20.112,-31.333,1040.1,1040.2,979157.4843179296,48.11900501360651
20.12,-31.973,1196.3,1196.4,979185.3168655892,72.48414394864812
20.124,-31.859,1264.6,1264.7,979164.6974132488,82.1774205698166
20.128,-31.405,1007.5,1007.6,979154.5582468666,29.353709749877453
20.135,-31.783,1199.6,1199.7,979173.1468580724,76.72803381620906
20.157,-31.107,1033.3,1033.4,979138.6993739592,45.33512078144122
20.158,-31.022,1012.5,1012.6,979130.5409375052,37.54718887305353
20.16,-31.461,1036.7,1036.8,979167.3480804844,46.64998303644825
20.167,-31.664,1221.0,1221.1,979157.4069935348,77.20642996218521
20.188,-31.951,1171.7,1171.8,979188.56724772,69.93107591592707
20.19,-31.288,1019.1,1019.2,979158.767533678,46.53322227613535
20.198,-31.766,1140.0,1140.1,979184.1081691404,70.67849920724984
20.201,-31.415,1026.0,1026.1,979167.0518915524,46.75122741807718
20.206,-31.513,1083.7,1083.8,979164.5628522624,54.17993203958031
20.211,-31.89,1150.9,1151.0,979187.2125429012,67.10634046734776
20.235,-31.056,993.6,993.7,979137.0166699938,35.47819596726913
20.238,-31.73,1099.8,1099.9,979184.1558129728,61.235118740354665
20.242,-31.446,1020.8,1020.9,979169.3160036115,44.918952702893876
20.244,-31.247,998.7,998.8,979157.8410353846,42.59931361465715
20.251,-31.366,1005.7,1005.8,979166.3815671576,43.75440711877309
20.269,-31.813,1091.3,1091.4,979190.0781465904,57.82215375127271
20.27,-31.305,1000.3,1000.4,979161.6329643218,42.23524697206449
20.275,-31.171,984.6,984.7,979152.4240755276,38.917381782783195
20.281,-31.507,1026.3,1026.4,979174.7141073009,47.105947896139696
20.283,-31.734,1146.9,1147.0,979173.6298773724,64.91600607696455
20.285,-31.648,1082.9,1083.0,979178.4809409186,56.969163518049754
20.286,-31.583,1040.5,1040.6,979178.8861156708,49.53649429837242
20.295,-31.101,980.0,980.1,979144.2293063096,34.9006074948702
20.298,-31.033,966.2,966.3,979137.3108857424,29.1549017354846
20.3,-31.954,1251.1,1251.2,979169.2184651752,74.83226473920513
20.304,-31.367,1007.4,1007.5,979164.0536558138,41.87067247868981
20.315,-31.879,1184.6,1184.7,979175.9698464526,67.15111903345678
20.321,-31.308,995.8,995.9,979160.7688782256,39.74220633972436
20.336,-31.439,1066.4,1066.5,979159.360473545,49.59427939879242
20.348,-31.712,1062.4,1062.5,979185.932084751,52.92799365601968
20.359,-31.521,1080.7,1080.8,979162.160616524,50.208055960712954
20.372,-31.829,1084.7,1084.8,979191.3326324106,55.74533915077336
20.376,-31.244,1017.1,1017.2,979151.276013688,41.95133546227589
20.407,-31.885,1106.7,1106.8,979191.8757202134,58.53933566168416
20.414,-31.685,1097.8,1097.9,979174.7902361,54.88806830451358
20.415,-31.176,1005.9,1006.0,979143.246410852,35.91106423980091
20.419,-31.948,1130.4,1130.5,979190.7874743984,59.65407492686063
20.419,-31.439,1048.4,1048.5,979160.3270538312,45.007739008637145
20.42,-31.05,974.1,974.2,979131.5840697176,24.508476484566927
20.442,-31.778,1209.9,1210.0,979159.936133264,67.09915246430319
20.453,-31.247,1024.4,1024.5,979147.9910780876,40.67818325175904
20.463,-31.828,1187.2,1187.3,979166.87025284,62.98441617062781
20.469,-31.639,1149.7,1149.8,979159.2293004995,59.051391545683146
20.47,-31.389,1052.5,1052.6,979154.9873799324,44.951317894971
20.474,-31.996,1304.9,1305.0,979157.9254117054,76.72591097687837
20.475,-31.126,1023.9,1024.0,979129.7180705712,31.9351000522729
20.477,-31.06,997.7,997.8,979127.1517378066,26.55881133954972
20.519,-31.972,1243.5,1243.6,979166.9243013528,68.7329743822338
20.525,-31.558,1076.9,1077.0,979162.131333126,46.02615043486003
20.525,-31.339,1109.5,1109.6,979138.7382144034,50.30161572108045
20.528,-31.611,1095.9,1096.0,979165.2858573823,50.76968024089001
20.535,-31.801,1160.9,1161.0,979167.9390003616,58.12537294079084
20.545,-31.073,985.8,985.9,979126.0466115674,20.744171864935197
20.556,-31.024,994.3,994.4,979118.372302206,19.603952802019194
20.556,-31.716,1172.6,1172.7,979161.5630563912,62.23204056324903
20.56,-31.871,1157.9,1158.0,979172.3475881644,55.94046706345398
20.573,-31.171,1023.2,1023.3,979132.014167597,30.41620276507456
20.581,-31.241,1048.2,1048.3,979135.2878900088,35.79827468970325
20.584,-31.105,985.7,985.8,979129.8944376686,22.004657820332795
20.586,-31.982,1212.6,1212.7,979170.8613348326,62.32632873393595
20.6,-31.471,1096.7,1096.8,979148.1813114294,45.18909571238328
20.605,-31.626,1064.5,1064.6,979171.3184226352,45.90534252941143
20.617,-31.82,1161.7,1161.8,979166.3499544084,55.24533709033858
20.619,-31.096,1009.1,1009.2,979120.3364861816,20.385187300969847
20.635,-31.106,985.8,985.9,979127.155002068,19.216159451403655
20.656,-31.745,1143.9,1144.0,979165.17972448,54.65119012759533
20.657,-31.692,1099.4,1099.5,979169.9223515724,49.948445485089906
20.659,-31.545,1110.3,1110.4,979152.9909151188,48.23701732174959
20.672,-31.999,1288.0,1288.1,979155.6988524258,69.04264175484423
20.685,-31.794,1193.4,1193.5,979155.6315430644,56.41016222338658
20.691,-31.121,1009.6,1009.7,979120.5211860436,18.726162393693812
20.701,-31.404,1059.8,1059.9,979146.7653925688,37.776302173151635
20.705,-31.934,1271.0,1271.1,979158.8499720016,72.2248822923284
20.72,-31.334,1040.7,1040.8,979141.6881308672,32.42767366184853
20.736,-31.872,1220.5,1220.6,979159.7235121448,62.54650609777309
20.737,-31.125,1020.6,1020.7,979116.156504628,17.435382667230442
20.741,-31.477,1120.1,1120.2,979141.6740522878,45.417986494721845
20.746,-31.37,1032.6,1032.7,979145.9172111534,31.267842387664132
20.755,-31.994,1264.9,1265.0,979156.192870019,62.816965164616704
20.761,-31.747,1114.4,1114.5,979163.3610924308,43.570290729636326
20.785,-31.051,1064.7,1064.8,979094.8521877502,15.648207704070956
20.791,-31.404,1079.2,1079.3,979139.6520690277,36.647979289409705
20.798,-31.823,1133.9,1134.0,979164.1939820782,44.27046197990421
20.805,-31.151,1093.4,1093.5,979101.051029738,22.710304289474152
20.806,-31.779,1110.8,1110.9,979163.4671886036,39.97801343363244
20.827,-31.347,1037.5,1037.6,979137.9973474692,26.70627262268681
20.83,-31.919,1187.2,1187.3,979162.3374511584,51.078359616105445
20.834,-31.208,1088.3,1088.4,979108.9870147048,24.51151071046479
20.845,-31.058,1108.2,1108.3,979085.840007188,19.49712112499401
20.848,-31.609,1152.7,1152.8,979140.4719678984,43.6396547408076
20.852,-31.535,1215.4,1215.5,979125.6755791042,54.149557930300944
20.854,-31.722,1135.0,1135.1,979153.1834762684,41.76836932322476
20.863,-31.966,1229.9,1230.0,979156.5193659156,54.619704949785955
20.863,-31.478,1128.9,1129.0,979136.3626995336,42.74094489403069
20.864,-31.794,1122.2,1122.3,979161.2508826556,40.06503473315388
20.89,-31.276,1130.8,1130.9,979105.2275574076,28.415382504230365
20.893,-31.403,1056.1,1056.2,979138.9136686136,28.86345504503697
20.895,-31.195,1104.1,1104.2,979101.437629324,22.87721134000458
20.896,-31.844,1131.2,1131.3,979163.496558261,41.03977647959255
20.904,-31.129,1125.1,1125.2,979089.3253283326,22.523356311954558
20.907,-31.67,1138.3,1138.4,979148.3331301772,42.136264169123024
20.923,-31.731,1209.1,1209.2,979137.29470961,48.01121855492238
20.936,-31.058,1146.6,1146.7,979077.5672254966,23.070706463302486
20.94,-31.81,1188.9,1189.0,979148.7822731562,46.877925887703896
20.967,-31.809,1229.8,1229.9,979139.9454161354,50.738922373973764
20.971,-31.499,1114.0,1114.1,979136.1724955682,36.26414407766424
20.972,-31.38,1072.3,1072.4,979131.410106774,28.20539236580953
20.979,-31.326,1114.0,1114.1,979112.79721798,26.79210754914675
20.981,-31.003,1131.3,1131.4,979073.6178375558,18.790545917931013
20.985,-31.895,1153.7,1153.8,979161.373298266,41.72561098262668
20.987,-31.945,1182.6,1182.7,979160.2568141528,45.46991337661166
20.992,-31.697,1160.1,1160.2,979143.3044889048,41.65234074636828
20.994,-31.271,1186.3,1186.4,979091.0465365644,31.756548530072905
21.012,-31.984,1256.5,1256.6,979150.5194897582,55.36427879228722
21.017,-31.613,1190.8,1190.9,979128.0135850776,42.61209159367718
21.018,-31.14,1189.0,1189.1,979075.373600964,27.404869441874325
21.018,-31.205,1146.7,1146.8,979090.0937916028,23.874856533366255
21.021,-31.554,1180.8,1180.9,979126.035498128,42.30529397830833
21.026,-31.673,1197.2,1197.3,979131.4332046532,43.164130938472226
21.026,-31.076,1233.9,1234.0,979060.7284111788,31.725603688857518
21.041,-31.837,1200.4,1200.5,979149.3009747248,48.7584256347036
21.059,-31.724,1193.6,1193.7,979139.7264906114,46.2272299262695
21.061,-31.316,1106.2,1106.3,979112.1556653637,24.546580576570705
21.061,-31.507,1124.7,1124.8,979130.7058401158,33.454436332918704
21.08,-31.686,1219.7,1219.8,979129.5799513216,47.201994190574624
21.087,-31.958,1206.3,1206.4,979158.589126074,50.05853446701076
21.093,-31.765,1212.8,1212.9,979137.9264914648,47.03556225635111
21.095,-31.44,1104.9,1105.0,979122.7952222466,24.82597367197741
21.112,-31.022,1266.8,1266.9,979045.4893016794,30.946494835079648
21.116,-31.913,1198.2,1198.3,979155.6771194106,48.29785684053786
21.121,-31.34,1074.3,1074.4,979118.3462306166,18.97008889762219
21.127,-31.27,1085.4,1085.5,979106.825825936,16.488702705712058
21.132,-31.645,1161.3,1161.4,979135.3253418223,38.24175076489337
21.145,-31.862,1244.3,1244.4,979140.5740801208,51.549019364174455
21.153,-31.411,1107.9,1108.0,979115.599611894,20.88701226655394
21.164,-31.805,1254.9,1255.0,979132.3132866462,51.17330024554394
21.18,-31.047,1324.3,1324.4,979038.8433660788,40.04258093610406
21.181,-31.519,1106.4,1106.5,979127.6729296251,23.809884306858294
21.19,-31.446,1168.6,1168.7,979107.8693426758,29.06877580366563
21.192,-31.097,1215.6,1215.7,979064.141128634,27.8153972143773
21.192,-31.629,1160.2,1160.3,979131.5002557264,35.368354619829915
21.198,-31.341,1094.8,1094.9,979111.7772874996,18.645205524051562
21.204,-31.311,1094.8,1094.9,979108.4414781382,17.716585639631376
21.208,-31.388,1143.6,1143.7,979108.1304940248,26.27921761397738
21.211,-31.163,1150.1,1150.2,979083.136811756,21.328094692900777
21.212,-31.246,1144.5,1144.6,979090.9930659408,20.811635837540962
21.214,-31.769,1237.0,1237.1,979131.9527724662,48.20356400846504
21.231,-31.563,1237.8,1237.9,979109.9512883528,43.07946913794149
21.238,-31.023,1303.6,1303.7,979043.3804631048,40.109797538025305
21.239,-31.952,1279.8,1279.9,979143.0130985674,57.64234674163163
21.253,-31.661,1176.8,1176.9,979131.099297576,37.50589069176931
21.266,-31.376,1109.6,1109.7,979111.3336713368,19.95735255687032
21.268,-31.207,1182.9,1183.0,979077.8032189966,22.59159148170147
21.27,-31.716,1229.6,1229.7,979127.635989068,45.88855895353481
21.285,-31.992,1276.9,1277.0,979146.854100274,57.342244011349976
21.295,-31.772,1292.1,1292.2,979120.1056320472,53.11072199395858
21.302,-31.93,1272.9,1273.0,979140.3261955932,54.61163300240878
21.304,-31.499,1180.3,1180.4,979111.065275026,31.610027546063066
21.314,-31.248,1125.2,1125.3,979093.5184815514,17.222815042361617
21.322,-31.434,1130.4,1130.5,979114.7738787156,25.15373591100797
21.333,-31.675,1229.4,1229.5,979122.0331329004,43.53570994560141
21.347,-31.963,1324.7,1324.8,979134.3615777242,61.948445137240924
21.349,-31.802,1294.6,1294.7,979120.7217365898,52.07089559233282
21.362,-31.073,1192.9,1193.0,979066.8502842494,25.43913900910411
21.372,-31.137,1196.7,1196.8,979072.0837926194,26.730321967508644
21.384,-31.276,1160.4,1160.5,979090.3414197118,22.66069739346858
21.391,-31.479,1159.9,1160.0,979113.1465468043,29.007638891111128
21.394,-31.736,1265.0,1265.1,979119.6276738968,47.18400127731729
21.397,-31.202,1198.3,1198.4,979075.9281822668,25.867596220923588
21.419,-31.798,1264.6,1264.7,979123.7574523384,46.176138818846084
21.424,-31.538,1171.3,1171.4,979116.689254183,31.317350300843827
21.428,-31.932,1302.6,1302.7,979134.3094448216,57.59422620164696
21.444,-31.634,1225.6,1225.7,979116.3994924814,40.039149583433755
21.455,-31.703,1234.3,1234.4,979120.6366354604,41.38937061955221
21.465,-31.261,1165.5,1165.6,979087.0753578724,22.17028799012769
21.469,-31.774,1227.1,1227.2,979127.4403896454,40.23283230105881
21.477,-31.866,1256.4,1256.5,979132.233080284,46.6165291427169
21.485,-31.978,1313.5,1313.6,979134.3952550364,57.30988859606441
21.487,-31.331,1201.1,1201.2,979087.1378503556,27.601255323854275
21.489,-31.466,1157.3,1157.4,979110.4243980154,26.529298851150088
21.497,-31.393,1195.3,1195.4,979096.2041204273,29.900146761676297
21.506,-31.512,1140.7,1140.8,979118.9796839736,26.26167439564597
21.51,-31.989,1317.6,1317.7,979135.3437951794,58.63015978387557
21.513,-31.205,1220.3,1220.4,979070.6784063852,27.164335595909506
21.535,-31.022,1328.1,1328.2,979041.810454045,46.177147187059745
21.54,-31.773,1205.0,1205.1,979129.529485818,35.58537352143321
21.542,-31.844,1226.5,1226.6,979131.9205811374,38.862544558010995
21.551,-31.882,1235.5,1235.6,979135.8021296504,42.44200772221666
21.558,-31.718,1188.7,1188.8,979126.2858044028,31.75982098339591
21.56,-31.574,1162.7,1162.8,979118.0163679488,27.09081201418303
21.561,-31.989,1317.5,1317.6,979133.2729632682,56.5284813567996
21.566,-31.174,1255.3,1255.4,979064.2889950414,34.05305722518824
21.569,-31.07,1334.8,1334.9,979043.9482651128,46.5499244814273
21.57,-31.639,1183.4,1183.5,979120.3143922052,30.532579410355538
21.609,-31.948,1274.2,1274.3,979134.7124239784,47.9387635178864
21.61,-31.395,1249.6,1249.7,979082.9809005752,33.26687826414127
21.621,-31.048,1304.8,1304.9,979049.332416462,44.43659525946714
21.621,-31.84,1271.4,1271.5,979122.080599584,43.19706582836807
21.632,-31.347,1284.1,1284.2,979071.1329808616,35.91611475334503
21.634,-31.119,1288.6,1288.7,979057.0853462524,41.520461902953684
21.637,-31.902,1283.8,1283.9,979125.3290368912,45.24719541321974
21.641,-31.453,1220.8,1220.9,979094.4806004371,31.220100983977318
21.646,-31.619,1177.2,1177.3,979118.9846163238,28.90374117041938
21.659,-31.981,1320.6,1320.7,979128.1378069626,52.999021716066636
21.66,-31.159,1270.0,1270.1,979062.4345929208,37.93339446198661
21.661,-31.231,1281.6,1281.7,979062.20568824,35.51930419693235
21.663,-31.29,1334.2,1334.3,979055.697910652,40.50856034550816
21.664,-31.582,1214.7,1214.8,979108.9219583116,33.392870794050395
21.676,-31.906,1298.9,1299.0,979122.4675695176,46.71934513153974
21.68,-31.805,1231.3,1231.4,979125.9231807234,37.50313110195566
21.681,-31.508,1187.9,1188.0,979104.4729984548,26.63777857029345
21.699,-31.04,1271.1,1271.2,979055.1031255472,40.45026900595985
21.706,-31.731,1203.2,1203.3,979124.0143956188,32.91085412574466
21.711,-31.844,1264.3,1264.4,979123.4852058332,42.08758675842546
21.711,-31.192,1247.1,1247.2,979069.2089441316,35.00290964648593
21.712,-31.104,1256.0,1256.1,979063.3801515102,38.95777538174298
21.714,-31.614,1192.3,1192.4,979116.2124374683,31.193017123267055
21.716,-31.654,1192.6,1192.7,979120.438985128,32.28470019577071
21.723,-31.343,1255.3,1255.4,979073.6450010146,29.865084658260457
21.727,-31.481,1188.7,1188.8,979101.2225486744,25.807209677412175
21.765,-31.656,1199.1,1199.2,979117.4028346324,31.092272546258755
21.772,-31.431,1200.3,1200.4,979090.6302635696,22.81483283545822
21.778,-31.21,1248.3,1248.4,979069.0692953428,33.79240304545965
21.782,-31.494,1210.3,1210.4,979096.4049542084,26.606734822969884
21.782,-31.388,1204.7,1204.8,979085.6727719394,22.670241490821354
21.783,-31.855,1288.5,1288.6,979120.7772485362,45.95374658622313
21.783,-31.747,1252.2,1252.3,979115.186582154,37.90519666322507
21.793,-31.076,1288.0,1288.1,979054.7053363392,42.39127755665686
21.797,-31.008,1312.9,1313.0,979048.838241873,49.63312519562896
21.809,-31.809,1255.6,1255.7,979120.7358773354,39.48809755430557
21.82,-31.692,1227.7,1227.8,979115.4899417348,35.095247776131146
21.822,-31.629,1219.6,1219.7,979107.3886164872,29.580794552108273
21.826,-31.954,1315.1,1315.2,979122.5102118064,47.866118723060936
21.834,-31.846,1276.1,1276.2,979120.5966407435,42.677033114945516
21.852,-31.666,1214.5,1214.6,979112.4472519496,30.08009665692225
21.855,-31.514,1254.7,1254.8,979088.7092285464,30.99758192524314
21.863,-31.37,1262.0,1262.1,979071.2635462777,27.382731491001323
21.869,-31.443,1224.9,1225.0,979084.1619911012,22.970449219923466
21.871,-31.049,1287.7,1287.8,979053.932792946,43.682221982162446
21.874,-31.208,1283.7,1283.8,979059.0602854294,34.86365335283335
21.882,-31.578,1251.3,1251.4,979094.6599919546,30.74371491128113
21.888,-31.782,1242.3,1242.4,979118.8057143664,35.6399094137596
21.892,-31.927,1309.0,1309.1,979121.877604014,47.54209723812528
21.912,-31.309,1311.4,1311.5,979056.6240488376,32.87775455135852
21.915,-31.178,1277.3,1277.4,979059.248564724,35.47906391520519
21.918,-31.85,1322.0,1322.1,979112.5266282704,48.44178176636342
21.919,-31.705,1267.9,1268.0,979106.1878431656,37.143827408668585
21.926,-31.241,1291.6,1291.7,979058.2288749388,33.82614726864267
21.945,-31.018,1316.3,1316.4,979047.3893908252,48.43528459884692
21.949,-31.379,1290.4,1290.5,979064.369906712,28.52698921703268
21.964,-31.952,1331.3,1331.4,979121.0689225984,51.58423076348845
21.965,-31.148,1283.5,1283.6,979057.8064861448,38.34958910057321
21.965,-31.19,1346.4,1346.5,979046.502581464,43.08806849003304
21.968,-31.558,1244.3,1244.4,979090.1796291237,25.71582618285902
21.979,-31.856,1307.3,1307.4,979115.1717486996,46.06646291865036
21.98,-31.61,1261.4,1261.5,979092.1428047292,28.762033232022077
21.986,-31.464,1276.2,1276.3,979073.1161224603,26.06058536551427
21.992,-31.261,1304.9,1305.0,979055.70167012,33.79900808399543
21.995,-31.8,1270.6,1270.7,979114.8031467168,38.91083498264197
20.009,-30.701,962.4,962.5,979106.9216626036,24.006596377817914
20.039,-30.13,940.0,940.1,979068.0387579228,23.24648123641964
20.084,-30.645,969.3,969.4,979097.4454167885,21.098015109542757
20.086,-30.177,900.0,900.1,979085.9465915406,25.125245199655183
20.101,-30.976,1026.3,1026.4,979124.2961074272,39.22867491224315
20.101,-30.119,920.0,920.1,979065.3996400536,15.299249675124884
20.13,-30.831,931.0,931.1,979124.8577989192,21.932191593688913
20.145,-30.196,930.0,930.1,979073.1859260116,20.1289150667144
20.147,-30.594,971.2,971.3,979090.0055689908,18.282720395713113
20.164,-30.792,935.0,935.1,979115.3991007638,16.807125349296257
20.212,-30.591,947.7,947.8,979093.744275516,15.008476848481223
20.227,-30.2,920.0,920.1,979071.3229502682,14.86647358618211
20.249,-30.069,918.0,918.1,979077.3150455876,30.5159366147127
20.251,-30.649,995.6,995.7,979090.1312521128,21.581101936404593
20.257,-30.706,950.8,950.9,979102.8029427516,15.912414411781356
20.269,-30.525,976.2,976.3,979080.3424193484,15.619516633916646
20.293,-30.576,948.9,949.0,979089.838435235,12.659794246777892
20.294,-30.23,930.0,930.1,979083.7375146678,28.009659620001912
20.323,-30.974,976.9,977.0,979126.1230464408,25.974268304300494
20.329,-30.919,954.9,955.0,979122.24818942,19.69418063980993
20.332,-30.876,952.9,953.0,979118.254252966,18.506180536933243
20.34,-30.278,935.0,935.1,979089.9513323988,31.992458279128186
20.343,-30.786,949.1,949.2,979109.6078482856,15.842760721803643
20.352,-30.494,955.2,955.3,979080.5718959452,11.819399209693074
20.361,-30.938,958.9,959.0,979122.2336660168,19.400389809394255
20.369,-30.815,946.2,946.3,979110.314983748,13.350878485711291
20.369,-30.554,970.5,970.6,979081.5945314076,12.820268842042424
20.391,-30.051,880.0,880.1,979067.4902304164,10.376278165844269
20.395,-30.755,940.1,940.2,979104.2505247444,10.170488024596125
20.411,-30.82,956.8,956.9,979106.9832312696,12.892084941035137
20.419,-30.019,920.0,920.1,979057.952794816,15.685160691384226
20.419,-30.461,942.0,942.1,979079.7240732572,9.504851776640862
20.421,-30.897,954.9,955.0,979115.2996685768,14.497302440926433
20.424,-30.911,954.5,954.6,979115.7996844632,13.759310562163591
20.434,-30.53,925.3,925.4,979086.5128592156,5.690651532961056
20.435,-30.952,956.3,956.4,979118.0437563796,13.29285829665605
20.441,-30.585,930.1,930.2,979090.1149152452,6.423804897814989
20.448,-30.683,943.9,944.0,979096.1009629047,8.905438404297456
20.452,-30.069,915.0,915.1,979061.4755741106,13.750855978694744
20.454,-30.862,952.2,952.3,979108.763137657,9.912958607077599
20.461,-30.629,936.0,936.1,979093.4510189344,8.097017741529271
20.461,-30.764,942.6,942.7,979102.9820507074,8.958768471609801
20.462,-30.135,900.0,900.1,979080.4601936864,22.93435994128231
20.463,-30.196,908.0,908.1,979079.1613843252,19.31659945123829
20.466,-30.254,940.0,940.1,979082.9479160984,28.41899458540138
20.481,-30.447,930.0,930.1,979080.670963758,7.854377353214659
20.492,-30.565,934.8,934.9,979087.4535431908,6.794829478254542
20.504,-30.372,920.0,920.1,979095.3902338296,25.402832467923872
20.515,-30.775,942.4,942.5,979101.4996627668,6.541150011471473
20.525,-30.473,920.0,920.1,979084.4017739728,6.447467642254196
20.527,-30.31,940.0,940.1,979078.0148141156,19.080811307299882
20.539,-30.448,924.4,924.5,979087.992020641,13.368734351824969
20.541,-30.414,919.0,919.1,979091.6711795066,18.064190726960078
20.549,-30.868,997.4,997.5,979096.718917805,11.336625817697495
20.552,-30.243,920.0,920.1,979076.6930131244,16.85813473595772
20.576,-30.181,913.0,913.1,979072.91117199,15.786804954172112
20.577,-30.912,1000.9,1001.0,979101.4937990824,13.689213699195534
20.593,-30.759,955.1,955.2,979096.3939102883,6.624212680850178
20.596,-30.122,900.0,900.1,979073.8834420616,17.377085552434437
20.597,-30.381,920.0,920.1,979084.3971410702,13.700458346866071
20.606,-30.208,900.0,900.1,979075.1228793686,11.867353998473845
20.609,-30.51,977.1,977.2,979079.7778400788,16.51801704952959
20.626,-30.828,998.9,999.0,979090.4498559654,8.711552224587649
20.628,-30.06,880.0,880.1,979064.4584512848,6.639745096326806
20.634,-30.964,1023.0,1023.1,979100.2224596548,15.093489754013717
20.669,-30.756,957.2,957.3,979093.1181820666,4.234568940475583
20.681,-30.548,976.5,976.6,979085.5943091592,19.14566755690612
20.682,-30.371,960.0,960.1,979083.1164997978,25.54913821152877
20.687,-30.219,940.0,940.1,979070.5595474576,18.781314210616983
20.709,-30.99,1037.7,1037.8,979097.077063344,14.410424352507107
20.715,-30.912,1010.1,1010.2,979094.0396427768,9.073421315173618
20.736,-30.845,995.0,995.1,979090.8048417856,6.511592322727665
20.743,-30.724,962.2,962.3,979091.560357672,6.759109743521549
20.744,-30.659,939.5,939.6,979092.546477248,5.895710054319352
20.748,-30.786,975.5,975.6,979090.991120227,5.3710909800138324
20.748,-30.55,979.7,979.8,979083.8675968238,18.248081662575714
20.751,-30.201,925.0,925.1,979074.915771576,19.923433486255817
20.76,-30.479,998.6,998.7,979074.7703033492,20.59247624326963
20.767,-30.422,983.3,983.4,979078.0646210804,23.665060592116788
20.77,-30.375,960.0,960.1,979084.7640341308,26.88145701168105
20.785,-30.365,949.8,949.9,979087.4367331396,27.195154124172404
20.791,-30.955,1079.6,1079.7,979081.1437649128,14.193790219957009
20.791,-30.598,949.7,949.8,979091.7540834972,13.081325632054359
20.817,-30.184,895.0,895.1,979076.0274965478,13.113936765235849
20.831,-30.661,969.0,969.1,979087.2722030733,9.56449073238764
20.842,-30.852,1006.0,1006.1,979084.416957258,2.960699450224638
20.848,-30.395,990.0,990.1,979082.1440525774,31.940797366551124
20.857,-30.462,999.5,999.6,979078.3481161236,25.790192636311986
20.873,-30.4,993.4,993.5,979079.773322649,30.22483624983579
20.875,-30.6,969.1,969.2,979087.088465628,14.242820037645288
20.876,-30.701,984.9,985.0,979085.934259956,9.960980644682422
20.876,-30.526,1004.5,1004.6,979076.8117917292,20.74103960581124
20.889,-30.16,935.0,935.1,979062.025545914,13.337178826332092
20.895,-30.596,962.8,962.9,979087.8026730068,13.329917903174646
20.91,-30.841,1032.7,1032.8,979079.2930066244,6.948942039976828
20.914,-30.783,1016.0,1016.1,979080.2536178305,7.366955580189824
20.919,-30.408,990.0,990.1,979070.6401337167,19.411851179087535
20.927,-30.622,977.5,977.6,979084.710276696,12.714486386161298
20.945,-30.727,1006.8,1006.9,979082.3766262004,11.097430101013742
20.949,-30.561,963.0,963.1,979084.1801420868,12.53831612598151
20.956,-30.414,965.7,965.8,979073.1596504567,13.961028230027296
20.959,-30.689,995.9,996.0,979082.7620317342,11.134072632412426
20.963,-30.126,910.0,910.1,979065.4174372682,11.682800563052297
20.969,-30.484,997.4,997.5,979073.776413865,18.833501112181693
20.989,-30.926,1091.5,1091.6,979072.5329297516,11.56459799001459
20.996,-30.408,980.0,980.1,979070.8940886172,16.580564243602566
20.997,-30.562,957.7,957.8,979081.049779256,7.693667002837174
20.997,-30.856,1091.1,1091.2,979070.2658269156,14.745778691140004
21.007,-30.819,1055.2,1055.3,979076.1944063484,12.54095493722707
21.013,-30.769,1038.4,1038.5,979078.233208193,13.369199792854488
21.022,-30.284,970.0,970.1,979065.3040259242,17.67172883101739
21.038,-30.23,960.0,960.1,979062.9789632312,16.507043552119285
21.039,-30.345,1000.0,1000.1,979064.1497015298,20.971648704260588
21.068,-30.185,900.0,900.1,979071.1862491894,9.736871941597201
21.072,-30.12,880.0,880.1,979071.0889239416,8.56858860491775
21.073,-30.374,1000.0,1000.1,979062.6330986936,17.170333289308473
21.101,-30.59,1000.3,1000.4,979073.5521145804,11.123846686794423
21.103,-30.985,1179.3,1179.4,979062.2122416728,23.628237621160224
21.105,-30.016,858.0,858.1,979068.845836992,7.683415829320438
21.107,-30.924,1159.0,1159.1,979062.9305911772,22.945326848421246
21.112,-30.717,1110.5,1110.6,979060.965067774,22.471904058242217
21.113,-30.861,1094.3,1094.4,979070.7819331648,15.851369209471159
21.116,-30.081,892.0,892.1,979067.3375125976,11.576371419243515
21.118,-30.787,1088.7,1088.8,979070.426362102,19.650771142565645
21.12,-30.459,954.4,954.5,979070.8646004004,4.629017505329102
21.121,-30.602,999.8,999.9,979073.7168386988,10.184537703054957
21.125,-30.643,1027.0,1027.1,979071.7668545854,13.379538909415714
21.144,-30.514,952.3,952.4,979075.5059657912,4.278612725669518
21.149,-30.36,960.0,960.1,979066.401981678,9.701334749464877
21.154,-30.36,959.6,959.7,979065.2027199762,8.378661774098873
21.164,-30.415,953.0,953.1,979067.7292835223,4.533489264547825
21.166,-30.576,996.9,997.0,979071.8499582746,9.480508309789002
21.177,-30.939,1195.3,1195.4,979056.692736716,26.710907557047904
21.182,-30.623,1013.1,1013.2,979072.1018638086,11.01024179207161
21.183,-30.362,932.2,932.3,979070.7189909013,5.283635641913861
21.185,-30.115,880.0,880.1,979073.6996497668,11.571333751897328
21.208,-30.733,1102.6,1102.7,979064.2007852292,22.000916266348213
21.215,-30.387,950.0,950.1,979066.7401347336,4.826475379639305
21.228,-30.679,1042.1,1042.2,979071.5714683512,14.989834254840389
21.247,-30.404,958.7,958.8,979066.9790318976,6.40931408200413
21.249,-30.094,878.0,878.1,979075.7512860824,14.651937585091218
21.252,-30.903,1170.1,1170.2,979061.0356355868,26.14688829856459
21.253,-30.546,969.6,969.7,979075.4657150196,7.046395937795751
21.278,-30.833,1168.2,1168.3,979059.5962467928,29.690663215704262
21.29,-30.409,960.0,960.1,979067.3508579986,6.787947519682348
21.293,-30.421,965.4,965.5,979066.4348897716,6.591599449282512
21.296,-30.982,1293.3,1293.4,979041.5747710492,38.39713051763829
21.297,-30.902,1226.8,1226.9,979050.9433028224,33.62554559193086
21.298,-30.772,1110.1,1110.2,979067.0284775743,24.046308671240695
21.308,-30.704,1053.6,1053.7,979072.238858852,17.22278287145309
21.313,-30.071,875.0,875.1,979072.9660177176,12.743061512126587
21.315,-30.475,1000.0,1000.1,979064.926875592,11.496838665916584
21.317,-30.497,1011.2,1011.3,979064.2539550246,12.541814298951067
21.329,-30.525,993.2,993.3,979069.3480344574,9.870030276710168
21.336,-30.396,980.0,980.1,979064.5829316216,11.215594802401029
21.337,-30.541,1000.0,1000.1,979069.8551540332,11.210279240855016
21.342,-30.395,967.8,967.9,979064.9188128988,7.866299208835699
21.344,-30.86,1175.5,1175.6,979057.9589082184,28.15804470598232
21.359,-30.892,1227.1,1227.2,979050.37513063,33.945973686059006
21.359,-30.581,994.6,994.7,979072.4059483614,8.931294450187124
21.369,-30.982,1278.8,1278.9,979044.6669408449,37.01638904714491
21.385,-30.809,1109.7,1109.8,979067.2094726178,21.16446534905117
21.386,-30.598,1000.0,1000.1,979072.955758576,9.801777113927528
21.388,-30.041,880.0,880.1,979073.966512761,17.635470159351826
21.413,-30.953,1281.1,1281.2,979043.5436716264,38.91424902062863
21.415,-30.909,1349.5,1349.6,979028.7142510592,48.689273193944246
21.423,-30.763,1088.4,1088.5,979070.8874893576,21.925442310399376
21.425,-30.374,980.0,980.1,979063.8405211308,12.207281986717135
21.428,-30.582,1045.2,1045.3,979063.3264024084,15.383631412521936
21.435,-30.37,971.9,972.0,979065.674450068,11.857362194918096
21.445,-30.393,968.3,968.4,979066.5475136144,9.806936281733215
21.452,-30.065,890.0,890.1,979073.9972995725,18.872417928650975
21.454,-30.639,1020.0,1020.1,979072.70963319,12.479564835550264
21.458,-30.508,990.1,990.2,979067.5477920558,8.456805534195155
21.459,-30.64,1016.9,1017.0,979073.7094350348,12.443747258395888
21.462,-30.903,1276.0,1276.1,979044.3653087956,42.14526211004704
21.465,-30.987,1369.3,1369.4,979029.7559517748,49.623349909321405
21.47,-30.717,1051.5,1051.6,979073.2460312076,16.550884948694147
21.476,-30.449,978.7,978.8,979066.8071900732,8.858095138217323
21.477,-30.353,1000.0,1000.1,979058.1072619891,14.29907406680286
21.489,-30.607,1005.4,1005.5,979071.930841422,9.730450449511409
21.498,-30.408,982.8,982.9,979063.6993731952,10.249717994825915
21.507,-30.658,1040.0,1040.1,979070.6249367414,15.059854853665456
21.51,-30.659,1051.2,1051.3,979068.871246956,16.682275144499727
21.513,-30.358,1015.7,1015.8,979056.1512946156,16.793004661099985
21.522,-30.866,1323.4,1323.5,979033.0244217082,48.37083040724974
21.526,-30.546,980.0,980.1,979069.93014412,4.719482320942916
21.531,-30.085,910.0,910.1,979068.4139141917,17.893068452714942
21.534,-30.367,1040.0,1040.1,979054.7865253974,22.21613707661163
21.552,-30.516,982.3,982.4,979066.480827242,4.351208704756573
21.56,-30.918,1357.8,1357.9,979030.5703590153,52.388980102259666
21.574,-30.482,971.8,971.9,979067.6124225616,4.929250320303254
21.577,-30.96,1346.3,1346.4,979035.0560814271,49.98121908027679
21.579,-30.692,1110.0,1110.1,979062.13366086,25.469092958490364
21.585,-30.459,975.0,975.1,979065.8372561792,5.957325124647468
21.593,-30.843,1264.2,1264.3,979044.3969150448,43.31098867428955
21.593,-30.686,1103.7,1103.8,979062.1831374568,24.050732431118377
21.593,-30.067,920.0,920.1,979062.1347645492,16.109379671048373
21.594,-30.403,1000.0,1000.1,979057.7314393014,9.982656682957895
21.597,-30.513,980.0,980.1,979069.755455188,7.153299133176915
21.606,-30.415,989.4,989.5,979060.305598167,8.340155393700115
21.626,-30.496,975.8,975.9,979068.0376065368,5.482769319671206
21.631,-30.72,1157.7,1157.8,979053.396360722,29.226412895484827
21.64,-30.72,1160.0,1160.1,979053.7339083815,30.273503339034505
21.641,-30.581,996.4,996.5,979072.8560672472,9.936752038192935
21.645,-30.55,990.0,990.1,979070.9811784532,8.539452810422517
21.648,-30.958,1322.4,1322.5,979040.031432638,47.74354050785769
21.668,-30.403,976.5,976.6,979060.8243147688,5.825224124011584
21.673,-30.027,923.2,923.3,979054.608957748,12.702600110205822
21.675,-30.855,1204.0,1204.1,979059.7820689538,39.17094100418035
21.678,-30.398,980.0,980.1,979061.434854912,7.909835664671846
21.679,-30.027,940.0,940.1,979053.8894343448,17.166455889469944
21.701,-30.767,1132.2,1132.3,979064.2637679623,28.49655604979489
21.702,-30.765,1160.0,1160.1,979060.2978315088,33.26569006941281
21.713,-30.086,940.0,940.1,979055.3829744876,14.039826366933994
21.713,-30.987,1286.0,1286.1,979049.0790698072,43.25086944119539
21.715,-30.609,1018.9,1019.0,979072.3091174668,14.115399348782375
21.717,-30.673,1055.8,1055.9,979070.8288081056,18.94942448171787
21.72,-30.642,1049.4,1049.5,979069.7203482486,18.322985138744116
21.73,-30.153,934.0,934.1,979058.3558959084,9.908254887443036
21.734,-30.579,1005.7,1005.8,979072.934943568,13.043117359397002
21.739,-30.509,975.8,975.9,979068.2045230007,4.622632663929835
21.741,-30.791,1134.3,1134.4,979068.9412136396,31.915603737346828
21.747,-30.442,973.6,973.7,979059.9064995976,0.9363395256223157
21.755,-30.382,975.0,975.1,979057.1875154842,3.381154960137792
21.76,-30.381,976.5,976.6,979056.8198808752,3.555126073071733
21.773,-30.805,1125.0,1125.1,979073.3034761944,32.29643097240478
21.785,-30.81,1131.8,1131.9,979072.6015397408,33.294948965194635
21.785,-30.862,1163.5,1163.6,979068.8720715138,35.21017366787419
21.792,-30.948,1259.5,1259.6,979053.6975163376,42.80337398755364
21.798,-30.643,1124.7,1124.8,979057.5238424386,29.277897509513423
21.812,-30.217,938.0,938.1,979059.4887078296,7.250534597085789
21.822,-30.162,930.0,930.1,979058.0033115188,7.615331826149486
21.825,-30.379,979.4,979.5,979055.0524152082,2.840013765846379
21.826,-30.378,978.0,978.1,979055.3575105276,2.7919861995615065
21.835,-30.84,1180.0,1180.1,979065.9237964856,39.10184179502539
21.837,-30.103,967.0,967.1,979045.3177095362,10.97263680328615
21.838,-30.843,1181.3,1181.4,979065.1509478346,38.49146884109359
21.839,-30.053,962.0,962.1,979042.5692337928,10.598619590513408
21.846,-30.921,1235.4,1235.5,979057.1305991836,40.95289617124945
21.848,-30.675,1090.9,1091.0,979066.4861786164,25.276946640573442
21.849,-30.311,956.0,956.1,979061.7482103896,7.67198420886416
21.867,-30.431,975.0,975.1,979062.409337482,4.739038417581469
21.871,-30.437,984.9,985.0,979060.6223851416,5.533090227865614
21.875,-30.888,1250.0,1250.1,979056.6675916668,47.62110190128442
21.876,-30.887,1240.8,1240.9,979056.0747823056,44.26983864221256
21.88,-30.357,963.0,963.1,979060.3856476966,4.846928702434525
21.904,-30.481,1019.1,1019.2,979056.0055448606,7.994443378876895
21.905,-30.483,1021.0,1021.1,979056.126783159,8.543921388336457
21.906,-30.276,954.0,954.1,979058.7602990456,6.820821543107741
21.91,-30.546,1034.8,1034.9,979061.736362592,13.432597246719524
21.911,-30.545,1035.0,1035.1,979062.0309102515,13.867918681004085
21.915,-30.59,1043.6,1043.7,979066.5354896844,17.466033931821585
21.92,-30.93,1326.8,1326.9,979042.6761569198,53.976482211379334
21.926,-30.61,1050.0,1050.1,979067.8038952184,19.125845412374474
21.926,-30.936,1340.0,1340.1,979040.6062606092,55.500430325744674
21.946,-30.636,1051.9,1052.0,979070.4173559285,20.26655821641907
21.954,-30.36,997.0,997.1,979056.8480783404,11.56287301843986
21.976,-30.658,1055.0,1055.1,979073.3696418866,22.432261552195996
21.984,-30.963,1314.1,1314.2,979045.7244437312,50.47772704530507
21.984,-30.247,980.0,980.1,979047.3960867104,5.758611666504294
21.995,-30.97,1272.5,1272.6,979055.6081979162,46.970922416076064
