Lon,Lat,Easting,Northing,Height Sea Level,Height Ellipsoid,Total Gravity,Free Air Disturbance,Topo Free Disturbance
21.077,-31.156,2012943.3380172183,-3115074.359977735,1096.9,1097.0,979100.0,22.3391035097884,-84.76669627898028
20.011,-31.593,1911135.7943285361,-3163718.4856334394,1119.4,1119.5,979166.6313948022,60.81642761162948,-63.708325447116906
20.019,-31.689,1911899.8284275127,-3174435.3755259365,1174.7,1174.8,979168.33122842,71.82917391287629,-54.43777628353804
20.019,-31.841,1911899.8284275127,-3191426.7089311844,1357.8,1357.9,979143.9881573572,91.67516197392251,-55.402993360303725
20.019,-31.381,1911899.8284275127,-3140091.42789628,1069.6,1069.7,979154.7232526764,50.60525550006423,-68.21218105488002
20.02,-31.473,1911995.3326898853,-3150338.0403539063,1090.8,1090.9,979156.1314115422,51.15813528711442,-69.79380194675242
20.021,-31.52,1912090.8369522572,-3155576.646728835,1082.8,1082.9,979165.1690068616,53.94482340384275,-65.82979594329727
20.037,-31.973,1913618.905150211,-3206205.2824751623,1280.9,1281.0,979167.9970545212,81.26146609918214,-59.7867735109231
20.043,-31.886,1914191.9307244439,-3196462.455280705,1429.7,1429.8,979133.6776264374,99.89699832512996,-57.03170762567275
20.045,-31.184,1914382.9392491884,-3118184.3177378746,1079.9,1080.0,979138.05920587,52.91344039270189,-66.96401007070754
20.062,-31.742,1916006.5117095143,-3180356.7864128356,1243.6,1243.7,979159.7438011896,80.21372882300057,-49.984633206235145
20.084,-31.512,1918107.605481701,-3154684.7812434435,1080.5,1080.6,979164.7423965088,53.45277800050098,-66.0652834376775
20.085,-31.463,1918203.1097440731,-3149223.786078534,1082.3,1082.4,979158.3810553744,51.58996857213788,-68.0370492982976
20.088,-31.802,1918489.6225311898,-3187064.401131004,1267.1,1267.2,979159.4605712612,82.32675577688497,-54.64098882827071
20.095,-31.139,1919158.1523677944,-3113186.6240405794,1082.9,1083.0,979133.9017777864,53.28144368994981,-66.49341850169328
20.106,-31.615,1920208.699253888,-3166173.4532208727,1241.3,1241.4,979147.3531749503,77.36873359279707,-56.8693238485333
20.112,-31.333,1920781.72482812,-3134749.3929568506,1040.1,1040.2,979157.4843179296,48.11900501360651,-67.68571841495162
20.12,-31.973,1921545.7589270975,-3206205.2824751623,1196.3,1196.4,979185.3168655892,72.48414394864812,-59.692312547767955
20.124,-31.859,1921927.7759765857,-3193440.7096407753,1264.6,1264.7,979164.6974132488,82.1774205698166,-47.8799763085525
20.128,-31.405,1922309.7930260743,-3142763.4788724133,1007.5,1007.6,979154.5582468666,29.353709749877453,-76.28858360475054
20.135,-31.783,1922978.3228626794,-3184939.847793962,1199.6,1199.7,979173.1468580724,76.72803381620906,-56.53282315835128
20.157,-31.107,1925079.416634866,-3109634.1654531383,1033.3,1033.4,979138.6993739592,45.33512078144122,-69.02047665231747
20.158,-31.022,1925174.920897238,-3100203.8118608035,1012.5,1012.6,979130.5409375052,37.54718887305353,-73.93383934407154
20.16,-31.461,1925365.9294219823,-3149000.949644099,1036.7,1036.8,979167.3480804844,46.64998303644825,-68.79115684285085
20.167,-31.664,1926034.459258587,-3171643.4425009657,1221.0,1221.1,979157.4069935348,77.20642996218521,-56.90235432060783
20.188,-31.951,1928040.0487684014,-3203740.6994589353,1171.7,1171.8,979188.56724772,69.93107591592707,-60.16621847158541
20.19,-31.288,1928231.057293146,-3129743.733366991,1019.1,1019.2,979158.767533678,46.53322227613535,-65.99075158505511
20.198,-31.766,1928995.091392123,-3183039.3052389123,1140.0,1140.1,979184.1081691404,70.67849920724984,-54.79559171282884
20.201,-31.415,1929281.6041792394,-3143877.037074728,1026.0,1026.1,979167.0518915524,46.75122741807718,-67.5011826819722
20.206,-31.513,1929759.1254910997,-3154796.260212757,1083.7,1083.8,979164.5628522624,54.17993203958031,-66.43010329631943
20.211,-31.89,1930236.6468029604,-3196910.1973527134,1150.9,1151.0,979187.2125429012,67.10634046734776,-56.33618791272326
20.235,-31.056,1932528.7490998914,-3103974.932175155,993.6,993.7,979137.0166699938,35.47819596726913,-75.26597677191803
20.238,-31.73,1932815.2618870076,-3179015.7902162056,1099.8,1099.9,979184.1558129728,61.235118740354665,-60.10452133582784
20.242,-31.446,1933197.2789364962,-3147329.8295364897,1020.8,1020.9,979169.3160036115,44.91895270289388,-68.88437542104177
20.244,-31.247,1933388.2874612405,-3125185.1214039074,998.7,998.8,979157.8410353846,42.59931361465715,-68.22062516167435
20.251,-31.366,1934056.8172978454,-3138421.746112861,1005.7,1005.8,979166.3815671576,43.75440711877309,-68.18297943697988
20.269,-31.813,1935775.8940205434,-3188294.607296285,1091.3,1091.4,979190.0781465904,57.82215375127271,-61.85001447178554
20.27,-31.305,1935871.3982829156,-3131634.4765413976,1000.3,1000.4,979161.6329643218,42.23524697206449,-69.33717448885201
20.275,-31.171,1936348.919594776,-3116740.293321553,984.6,984.7,979152.4240755276,38.9173817827832,-70.15604445067981
20.281,-31.507,1936921.9451690088,-3154127.404463092,1026.3,1026.4,979174.7141073009,47.105947896139696,-67.01967234886406
20.283,-31.734,1937112.9536937533,-3179462.769461239,1146.9,1147.0,979173.6298773724,64.91600607696455,-62.346231838678946
20.285,-31.648,1937303.9622184976,-3169857.003497258,1082.9,1083.0,979178.4809409186,56.96916351804976,-63.318381069748874
20.286,-31.583,1937399.4664808696,-3162602.7848114218,1040.5,1040.6,979178.8861156708,49.53649429837242,-66.32686153442204
20.295,-31.101,1938259.0048422192,-3108968.214095438,980.0,980.1,979144.2293063096,34.9006074948702,-74.34432571901729
20.298,-31.033,1938545.517629335,-3101423.73139381,966.2,966.3,979137.3108857424,29.1549017354846,-78.5135461191635
20.3,-31.954,1938736.5261540792,-3204076.743861188,1251.1,1251.2,979169.2184651752,74.83226473920513,-58.6695314290981
20.304,-31.367,1939118.5432035676,-3138533.0498591363,1007.4,1007.5,979164.0536558138,41.87067247868981,-70.02008415891032
20.315,-31.879,1940169.0900896613,-3195678.953895721,1184.6,1184.7,979175.9698464526,67.15111903345678,-63.263205844802485
20.321,-31.308,1940742.1156638942,-3131968.1728575462,995.8,995.9,979160.7688782256,39.74220633972436,-71.31233333678334
20.336,-31.439,1942174.6795994756,-3146550.0659404276,1066.4,1066.5,979159.360473545,49.59427939879242,-67.66375552366058
20.348,-31.712,1943320.730747941,-3177004.6246475144,1062.4,1062.5,979185.932084751,52.92799365601968,-64.22478716827091
20.359,-31.521,1944371.2776340346,-3155688.135336264,1080.7,1080.8,979162.160616524,50.20805596071296,-69.05956307753155
20.372,-31.829,1945612.8330448722,-3190084.2621982894,1084.7,1084.8,979191.3326324106,55.74533915077336,-62.865638058557934
20.376,-31.244,1945994.8500943608,-3124851.6429348555,1017.1,1017.2,979151.276013688,41.95133546227589,-70.9008027453152
20.407,-31.885,1948955.4822278966,-3196350.522830608,1106.7,1106.8,979191.8757202134,58.53933566168416,-62.631801786547626
20.414,-31.685,1949624.0120645012,-3173988.615230317,1097.8,1097.9,979174.7902361,54.88806830451358,-65.13689595123462
20.415,-31.176,1949719.5163268733,-3117295.663636622,1005.9,1006.0,979143.246410852,35.91106423980091,-76.12590012178403
20.419,-31.948,1950101.533376362,-3203404.6661362955,1130.4,1130.5,979190.7874743984,59.65407492686063,-63.54158015924334
20.419,-31.439,1950101.533376362,-3146550.0659404276,1048.4,1048.5,979160.3270538312,45.007739008637145,-71.06005857500597
20.42,-31.05,1950197.037638734,-3103309.341516472,974.1,974.2,979131.5840697176,24.508476484566927,-84.04515963925445
20.442,-31.778,1952298.1314109208,-3184380.8280777605,1209.9,1210.0,979159.936133264,67.09915246430319,-64.19756134439925
20.453,-31.247,1953348.6782970137,-3125185.1214039074,1024.4,1024.5,979147.9910780876,40.67818325175904,-73.27313982022697
20.463,-31.828,1954303.7209207353,-3189972.3995922636,1187.2,1187.3,979166.87025284,62.98441617062781,-64.60691158681212
20.469,-31.639,1954876.7464949682,-3168852.26799905,1149.7,1149.8,979159.2293004995,59.051391545683146,-68.38459111342804
20.47,-31.389,1954972.2507573399,-3140982.0349277714,1052.5,1052.6,979154.9873799324,44.951317894971,-71.33523308726238
20.474,-31.996,1955354.2678068287,-3208782.5297767143,1304.9,1305.0,979157.9254117054,76.72591097687837,-64.78198069026803
20.475,-31.126,1955449.7720692006,-3111743.2918323968,1023.9,1024.0,979129.7180705712,31.9351000522729,-82.05933002572348
20.477,-31.06,1955640.780593945,-3104418.6828288008,997.7,997.8,979127.1517378066,26.55881133954972,-84.71100386364657
20.519,-31.972,1959651.9596135737,-3206093.243039008,1243.5,1243.6,979166.9243013528,68.7329743822338,-69.37667908627316
20.525,-31.558,1960224.9851878067,-3159814.061456168,1076.9,1077.0,979162.131333126,46.02615043486003,-72.97285284294091
20.525,-31.339,1960224.9851878067,-3135416.9967696834,1109.5,1109.6,979138.7382144034,50.30161572108045,-72.35292987159865
20.528,-31.611,1960511.497974923,-3165727.0519119035,1095.9,1096.0,979165.2858573823,50.76968024089001,-69.57218570159871
20.535,-31.801,1961180.0278115282,-3186952.571540046,1160.9,1161.0,979167.9390003616,58.12537294079084,-68.9441875544185
20.545,-31.073,1962135.0704352495,-3105861.00260484,985.8,985.9,979126.0466115674,20.7441718649352,-89.2386576590471
20.556,-31.024,1963185.6173213427,-3100425.6048310483,994.3,994.4,979118.372302206,19.603952802019197,-90.77533496207062
20.556,-31.716,1963185.6173213427,-3177451.5162540004,1172.6,1172.7,979161.5630563912,62.23204056324903,-68.17091984578627
20.56,-31.871,1963567.634370831,-3194783.597340677,1157.9,1158.0,979172.3475881644,55.94046706345398,-71.64163457843149
20.573,-31.171,1964809.1897816686,-3116740.293321553,1023.2,1023.3,979132.014167597,30.41620276507456,-82.06929775572225
20.581,-31.241,1965573.2238806456,-3124518.17516252,1048.2,1048.3,979135.2878900088,35.79827468970325,-81.1909381634752
20.584,-31.105,1965859.736667762,-3109412.176946138,985.7,985.8,979129.8944376686,22.004657820332795,-87.63419506400137
20.586,-31.982,1966050.7451925061,-3207213.6928665065,1212.6,1212.7,979170.8613348326,62.32632873393595,-70.84021449281718
20.6,-31.471,1967387.804865716,-3150115.1798834773,1096.7,1096.8,979148.1813114294,45.18909571238328,-74.16357251235814
20.605,-31.626,1967865.3261775766,-3167401.156713467,1064.5,1064.6,979171.3184226352,45.90534252941143,-72.33615127702258
20.617,-31.82,1969011.377326042,-3189077.5427874904,1161.7,1161.8,979166.3499544084,55.24533709033858,-73.71187922253085
20.619,-31.096,1969202.3858507862,-3108413.2870833906,1009.1,1009.2,979120.3364861816,20.385187300969847,-91.52295688882111
20.635,-31.106,1970730.4540487402,-3109523.170609452,985.8,985.9,979127.155002068,19.21615945140365,-89.14271190061518
20.656,-31.745,1972736.0435585547,-3180692.0628708303,1143.9,1144.0,979165.17972448,54.65119012759533,-71.84227797077075
20.657,-31.692,1972831.5478209269,-3174770.4585064743,1099.4,1099.5,979169.9223515724,49.94844548508991,-70.55045025360621
20.659,-31.545,1973022.5563456712,-3158364.223562728,1110.3,1110.4,979152.9909151188,48.23701732174959,-73.92008061878771
20.672,-31.999,1974264.1117565085,-3209118.740571338,1288.0,1288.1,979155.6988524258,69.04264175484423,-72.41546851624727
20.685,-31.794,1975505.667167346,-3186169.79861397,1193.4,1193.5,979155.6315430644,56.41016222338658,-74.43190695037922
20.691,-31.121,1976078.692741579,-3111188.2172369007,1009.6,1009.7,979120.5211860436,18.72616239369381,-93.79578204687589
20.701,-31.404,1977033.7353653002,-3142652.129642692,1059.8,1059.9,979146.7653925688,37.77630217315164,-80.09065289670312
20.705,-31.934,1977415.7524147888,-3201836.657079254,1271.0,1271.1,979158.8499720016,72.2248822923284,-67.09910977862441
20.72,-31.334,1978848.3163503706,-3134860.6572741265,1040.7,1040.8,979141.6881308672,32.42767366184853,-83.14487030591832
20.736,-31.872,1980376.3845483246,-3194895.512617766,1220.5,1220.6,979159.7235121448,62.54650609777309,-71.27407654495713
20.737,-31.125,1980471.8888106965,-3111632.2745504314,1020.6,1020.7,979116.156504628,17.435382667230442,-96.32847668114741
20.741,-31.477,1980853.9058601852,-3150783.775721147,1120.1,1120.2,979141.6740522878,45.417986494721845,-78.00723429479912
20.746,-31.37,1981331.4271720457,-3138866.9682731833,1032.6,1032.7,979145.9172111534,31.26784238766413,-83.79714066683034
20.755,-31.994,1982190.9655333948,-3208558.3954161745,1264.9,1265.0,979156.192870019,62.816965164616704,-76.480248781934
20.761,-31.747,1982763.9911076277,-3180915.5866020606,1114.4,1114.5,979163.3610924308,43.570290729636326,-79.91323265430367
20.785,-31.051,1985056.093404559,-3103420.2703498774,1064.7,1064.8,979094.8521877502,15.648207704070956,-103.04613228358573
20.791,-31.404,1985629.1189787914,-3142652.129642692,1079.2,1079.3,979139.6520690277,36.647979289409705,-82.25177204681641
20.798,-31.823,1986297.648815396,-3189413.104914481,1133.9,1134.0,979164.1939820782,44.27046197990421,-81.75674086452646
20.805,-31.151,1986966.178652001,-3114519.108038994,1093.4,1093.5,979101.051029738,22.710304289474152,-98.37061460929405
20.806,-31.779,1987061.682914373,-3184492.6295796894,1110.8,1110.9,979163.4671886036,39.97801343363244,-83.68018260092965
20.827,-31.347,1989067.272424188,-3136307.202062173,1037.5,1037.6,979137.9973474692,26.70627262268681,-85.59644440342896
20.83,-31.919,1989353.785211304,-3200156.914902235,1187.2,1187.3,979162.3374511584,51.078359616105445,-81.26372906895804
20.834,-31.208,1989735.8022607926,-3120850.7351926803,1088.3,1088.4,979108.9870147048,24.51151071046479,-95.16711609257503
20.845,-31.058,1990786.3491468856,-3104196.8051468777,1108.2,1108.3,979085.840007188,19.49712112499401,-101.3628669700263
20.848,-31.609,1991072.8619340023,-3165503.8585203127,1152.7,1152.8,979140.4719678984,43.6396547408076,-82.49345540999711
20.852,-31.535,1991454.8789834909,-3157249.1023961245,1215.4,1215.5,979125.6755791042,54.149557930300944,-81.01805591730951
20.854,-31.722,1991645.8875082352,-3178121.8901682943,1135.0,1135.1,979153.1834762684,41.76836932322476,-82.8520214393936
20.863,-31.966,1992505.4258695839,-3205421.0322993365,1229.9,1230.0,979156.5193659156,54.61970494978596,-82.13511409183545
20.863,-31.478,1992505.4258695839,-3150895.2125688028,1128.9,1129.0,979136.3626995336,42.74094489403069,-82.08040590558842
20.864,-31.794,1992600.9301319562,-3186169.79861397,1122.2,1122.3,979161.2508826556,40.06503473315388,-84.01314019954701
20.89,-31.276,1995084.0409536313,-3128409.2984005916,1130.8,1130.9,979105.2275574076,28.415382504230365,-96.45479916082863
20.893,-31.403,1995370.5537407475,-3142540.781611006,1056.1,1056.2,979138.9136686136,28.86345504503697,-88.9418117862054
20.895,-31.195,1995561.562265492,-3119406.340963052,1104.1,1104.2,979101.437629324,22.87721134000458,-99.91781201645541
20.896,-31.844,1995657.0665278642,-3191762.348158418,1131.2,1131.3,979163.496558261,41.03977647959255,-83.55757374549904
20.904,-31.129,1996421.100626841,-3112076.3507678392,1125.1,1125.2,979089.3253283326,22.52335631195456,-103.03432590439647
20.907,-31.67,1996707.6134139576,-3172313.437214107,1138.3,1138.4,979148.3331301772,42.136264169123024,-84.72862057835506
20.923,-31.731,1998235.6816119114,-3179127.5332008754,1209.1,1209.2,979137.29470961,48.01121855492238,-85.18125680849104
20.936,-31.058,1999477.237022749,-3104196.8051468777,1146.6,1146.7,979077.5672254966,23.07070646330249,-102.93873063897799
20.94,-31.81,1999859.2540722375,-3187959.0818554345,1188.9,1189.0,979148.7822731562,46.877925887703896,-85.13992454245096
20.967,-31.809,2002437.8691562847,-3187847.2424868504,1229.8,1229.9,979139.9454161354,50.73892237397376,-85.95389584191227
20.971,-31.499,2002819.8862057733,-3153235.6642295457,1114.0,1114.1,979136.1724955682,36.26414407766424,-83.91837603564056
20.972,-31.38,2002915.3904681455,-3139980.1074029594,1072.3,1072.4,979131.410106774,28.20539236580953,-89.69100776417831
20.979,-31.326,2003583.92030475,-3133970.5761591815,1114.0,1114.1,979112.79721798,26.79210754914675,-94.94712325676214
20.981,-31.003,2003774.9288294946,-3098097.013076581,1131.3,1131.4,979073.6178375558,18.790545917931013,-107.30317817992882
20.985,-31.895,2004156.945878983,-3197469.9025584287,1153.7,1153.8,979161.373298266,41.72561098262668,-84.96007258667261
20.987,-31.945,2004347.954403727,-3203068.6438916167,1182.6,1182.7,979160.2568141528,45.46991337661166,-85.86036129696706
20.992,-31.697,2004825.4757155878,-3175328.954448064,1160.1,1160.2,979143.3044889048,41.65234074636828,-86.36397398900868
20.994,-31.271,2005016.4842403322,-3127853.334430031,1186.3,1186.4,979091.0465365644,31.756548530072905,-100.52978448589923
21.012,-31.984,2006735.5609630304,-3207437.797625618,1256.5,1256.6,979150.5194897582,55.36427879228722,-82.26520692903566
21.017,-31.613,2007213.0822748907,-3165950.250145263,1190.8,1190.9,979128.0135850776,42.61209159367718,-89.46984361024892
21.018,-31.14,2007308.5865372634,-3113297.657869628,1189.0,1189.1,979075.373600964,27.404869441874325,-102.90304361263196
21.018,-31.205,2007308.5865372634,-3120517.39565622,1146.7,1146.8,979090.0937916028,23.874856533366252,-102.501393009323
21.021,-31.554,2007595.099324379,-3159367.935764496,1180.8,1180.9,979126.035498128,42.30529397830833,-89.1156827554891
21.026,-31.673,2008072.62063624,-3172648.450958849,1197.2,1197.3,979131.4332046532,43.16413093847223,-89.30885144287254
21.026,-31.076,2008072.62063624,-3106193.8739077253,1233.9,1234.0,979060.7284111788,31.72560368885752,-105.0424164851625
21.041,-31.837,2009505.184571822,-3190979.2071023053,1200.4,1200.5,979149.3009747248,48.7584256347036,-84.15782882988785
21.059,-31.724,2011224.26129452,-3178345.357876213,1193.6,1193.7,979139.7264906114,46.2272299262695,-84.44732944030233
21.061,-31.316,2011415.269819264,-3132858.0821670718,1106.2,1106.3,979112.1556653637,24.546580576570705,-97.30957260109577
21.061,-31.507,2011415.269819264,-3154127.404463092,1124.7,1124.8,979130.7058401158,33.454436332918704,-90.25064278780405
21.08,-31.686,2013229.8508043345,-3174100.3034817125,1219.7,1219.8,979129.5799513216,47.201994190574624,-87.80657624278675
21.087,-31.958,2013898.3806409396,-3204524.8203019975,1206.3,1206.4,979158.589126074,50.05853446701076,-82.88490272908444
21.093,-31.765,2014471.406215172,-3182927.519599194,1212.8,1212.9,979137.9264914648,47.03556225635111,-86.69954142899098
21.095,-31.44,2014662.4147399163,-3146661.4571390105,1104.9,1105.0,979122.7952222466,24.82597367197741,-98.4057191360833
21.112,-31.022,2016285.9872002425,-3100203.8118608035,1266.8,1266.9,979045.4893016794,30.946494835079648,-109.09251631442615
21.116,-31.913,2016668.004249731,-3199485.095477111,1198.2,1198.3,979155.6771194106,48.29785684053786,-84.23657511861126
21.121,-31.34,2017145.5255615916,-3135528.268251048,1074.3,1074.4,979118.3462306166,18.97008889762219,-100.78080144531896
21.127,-31.27,2017718.5511358245,-3127742.1452065296,1085.4,1085.5,979106.825825936,16.488702705712058,-103.68522410929964
21.132,-31.645,2018196.0724476848,-3169522.0807526475,1161.3,1161.4,979135.3253418223,38.24175076489337,-88.02043382980376
21.145,-31.862,2019437.6278585228,-3193776.4150179843,1244.3,1244.4,979140.5740801208,51.549019364174455,-86.7423691550047
21.153,-31.411,2020201.6619574996,-3143431.5994128375,1107.9,1108.0,979115.599611894,20.88701226655394,-100.25794260974183
21.164,-31.805,2021252.2088435933,-3187399.8972360673,1254.9,1255.0,979132.3132866462,51.17330024554394,-88.35865980247092
21.18,-31.047,2022780.2770415465,-3102976.562078497,1324.3,1324.4,979038.8433660788,40.04258093610406,-105.97269456836625
21.181,-31.519,2022875.7813039192,-3155465.159326382,1106.4,1106.5,979127.6729296251,23.809884306858294,-96.59984421651018
21.19,-31.446,2023735.3196652683,-3147329.8295364897,1168.6,1168.7,979107.8693426758,29.06877580366563,-100.72610977290395
21.192,-31.097,2023926.3281900124,-3108524.2701259954,1215.6,1215.7,979064.141128634,27.8153972143773,-105.85909933149316
21.192,-31.629,2023926.3281900124,-3167736.010373599,1160.2,1160.3,979131.5002557264,35.368354619829915,-93.62535111813199
21.198,-31.341,2024499.3537642448,-3135639.5409266343,1094.8,1094.9,979111.7772874996,18.64520552405156,-103.47037829826279
21.204,-31.311,2025072.3793384777,-3132301.87990458,1094.8,1094.9,979108.4414781382,17.716585639631376,-103.39375006013836
21.208,-31.388,2025454.3963879661,-3140870.704859466,1143.6,1143.7,979108.1304940248,26.27921761397738,-101.28912935800787
21.211,-31.163,2025740.9091750823,-3115851.762393088,1150.1,1150.2,979083.136811756,21.328094692900777,-106.91522751229468
21.212,-31.246,2025836.4134374545,-3125073.960725601,1144.5,1144.6,979090.9930659408,20.81163583754096,-105.33117074047145
21.214,-31.769,2026027.421962199,-3183374.669477145,1237.0,1237.1,979131.9527724662,48.20356400846504,-88.79640546643492
21.231,-31.563,2027650.9944225252,-3160371.74573444,1237.8,1237.9,979109.9512883528,43.07946913794149,-87.54350713443998
21.238,-31.023,2028319.5242591298,-3100314.7077581794,1303.6,1303.7,979043.3804631048,40.109797538025305,-100.22032795234293
21.239,-31.952,2028415.028521502,-3203852.7130285357,1279.8,1279.9,979143.0130985674,57.64234674163163,-83.68595773930585
21.253,-31.661,2029752.0881947116,-3171308.4615293043,1176.8,1176.9,979131.099297576,37.50589069176931,-91.9066887557326
21.266,-31.376,2030993.6436055491,-3139534.8373951283,1109.6,1109.7,979111.3336713368,19.95735255687032,-102.27101289145081
21.268,-31.207,2031184.6521302937,-3120739.6208275463,1182.9,1183.0,979077.8032189966,22.59159148170147,-109.1936379065501
21.27,-31.716,2031375.6606550377,-3177451.5162540004,1229.6,1229.7,979127.635989068,45.88855895353481,-91.19428083849832
21.285,-31.992,2032808.2245906196,-3208334.265990432,1276.9,1277.0,979146.854100274,57.342244011349976,-84.42640533475515
21.295,-31.772,2033763.267214341,-3183710.044695273,1292.1,1292.2,979120.1056320472,53.11072199395858,-89.77347552537776
21.302,-31.93,2034431.7970509457,-3201388.698779913,1272.9,1273.0,979140.3261955932,54.61163300240878,-86.73198201410233
21.304,-31.499,2034622.8055756895,-3153235.6642295457,1180.3,1180.4,979111.065275026,31.610027546063066,-99.82092493942335
21.314,-31.248,2035577.848199411,-3125296.2832709146,1125.2,1125.3,979093.5184815514,17.222815042361617,-107.67307791185257
21.322,-31.434,2036341.8822983878,-3145993.127948204,1130.4,1130.5,979114.7738787156,25.15373591100797,-100.24033446972682
21.333,-31.675,2037392.429184481,-3172871.799526143,1229.4,1229.5,979122.0331329004,43.53570994560141,-93.56341393625661
21.347,-31.963,2038729.4888576914,-3205084.9435621263,1324.7,1324.8,979134.3615777242,61.94844513724093,-83.12784689181339
21.349,-31.802,2038920.4973824357,-3187064.401131004,1294.6,1294.7,979120.7217365898,52.07089559233282,-92.04737616970763
21.362,-31.073,2040162.0527932728,-3105861.00260484,1192.9,1193.0,979066.8502842494,25.43913900910411,-107.29327477313615
21.372,-31.137,2041117.0954169943,-3112964.5599293765,1196.7,1196.8,979072.0837926194,26.730321967508644,-105.50968827934938
21.384,-31.276,2042263.1465654597,-3128409.2984005916,1160.4,1160.5,979090.3414197118,22.66069739346858,-106.5624097264228
21.391,-31.479,2042931.6764020643,-3151006.650618915,1159.9,1160.0,979113.1465468043,29.007638891111128,-98.61310444894396
21.394,-31.736,2043218.1891891807,-3179686.2663907213,1265.0,1265.1,979119.6276738968,47.18400127731729,-93.49412605689892
21.397,-31.202,2043504.7019762972,-3120184.0667956993,1198.3,1198.4,979075.9281822668,25.867596220923588,-105.14596630718518
21.419,-31.798,2045605.7957484839,-3186617.0900985054,1264.6,1264.7,979123.7574523384,46.17613881884608,-94.25423418796413
21.424,-31.538,2046083.3170603444,-3157583.6260816995,1171.3,1171.4,979116.689254183,31.317350300843827,-98.98418870872689
21.428,-31.932,2046465.334109833,-3201612.6754697682,1302.6,1302.7,979134.3094448216,57.59422620164696,-86.62627985602941
21.444,-31.634,2047993.4023077867,-3168294.124038481,1225.6,1225.7,979116.3994924814,40.03914958343376,-96.64544010239115
21.455,-31.703,2049043.9491938802,-3175999.189694416,1234.3,1234.4,979120.6366354604,41.38937061955221,-96.2447365791237
21.465,-31.261,2049998.9918176017,-3126741.4957408193,1165.5,1165.6,979087.0753578724,22.17028799012769,-105.85985413911206
21.469,-31.774,2050381.0088670906,-3183933.634274776,1227.1,1227.2,979127.4403896454,40.23283230105881,-94.89068995402602
21.477,-31.866,2051145.042966067,-3194224.039346824,1256.4,1256.5,979132.233080284,46.6165291427169,-93.31598585604084
21.485,-31.978,2051909.0770650438,-3206765.498143363,1313.5,1313.6,979134.3952550364,57.30988859606441,-85.39799642658406
21.487,-31.331,2052100.0855897882,-3134526.867903661,1201.1,1201.2,979087.1378503556,27.601255323854275,-105.61231389675712
21.489,-31.466,2052291.0941145327,-3149558.04974204,1157.3,1157.4,979110.4243980154,26.529298851150088,-102.40873507591857
21.497,-31.393,2053055.1282135092,-3141427.3671730002,1195.3,1195.4,979096.2041204273,29.900146761676297,-101.93880678599905
21.506,-31.512,2053914.6665748588,-3154684.7812434435,1140.7,1140.8,979118.9796839736,26.26167439564597,-97.68741631056615
21.51,-31.989,2054296.6836243472,-3207998.0811034865,1317.6,1317.7,979135.3437951794,58.63015978387557,-86.86297734792922
21.513,-31.205,2054583.196411464,-3120517.39565622,1220.3,1220.4,979070.6784063852,27.164335595909503,-106.47510966594558
21.535,-31.022,2056684.29018365,-3100203.8118608035,1328.1,1328.2,979041.810454045,46.17714718705975,-101.6027247956174
21.54,-31.773,2057161.8114955106,-3183821.838874909,1205.0,1205.1,979129.529485818,35.58537352143321,-98.7219581441
21.542,-31.844,2057352.8200202554,-3191762.348158418,1226.5,1226.6,979131.9205811374,38.862544558011,-97.63345985133765
21.551,-31.882,2058212.3583816038,-3196014.732842309,1235.5,1235.6,979135.8021296504,42.44200772221666,-94.93288419006228
21.558,-31.718,2058880.888218209,-3177674.969357672,1188.7,1188.8,979126.2858044028,31.75982098339591,-100.44942881150203
21.56,-31.574,2059071.896742953,-3161598.757422063,1162.7,1162.8,979118.0163679488,27.09081201418303,-101.1631310993973
21.561,-31.989,2059167.4010053254,-3207998.0811034865,1317.5,1317.6,979133.2729632682,56.5284813567996,-89.5165883378587
21.566,-31.174,2059644.922317186,-3117073.5119575043,1255.3,1255.4,979064.2889950414,34.05305722518824,-104.23417461989672
21.569,-31.07,2059931.4351043021,-3105528.1419078344,1334.8,1334.9,979043.9482651128,46.5499244814273,-101.97097453916572
21.57,-31.639,2060026.9393666745,-3168852.26799905,1183.4,1183.5,979120.3143922052,30.532579410355535,-100.79044063681388
21.609,-31.948,2063751.605599187,-3203404.6661362955,1274.2,1274.3,979134.7124239784,47.9387635178864,-93.25822375146322
21.61,-31.395,2063847.1098615592,-3141650.0404796544,1249.6,1249.7,979082.9809005752,33.26687826414127,-103.88424089707632
21.621,-31.048,2064897.6567476525,-3103087.48738084,1304.8,1304.9,979049.332416462,44.43659525946714,-100.31586164059595
21.621,-31.84,2064897.6567476525,-3191314.831637575,1271.4,1271.5,979122.080599584,43.19706582836807,-97.19395409246823
21.632,-31.347,2065948.2036337461,-3136307.202062173,1284.1,1284.2,979071.1329808616,35.91611475334503,-106.96943407258416
21.634,-31.119,2066139.2121584904,-3110966.195667911,1288.6,1288.7,979057.0853462524,41.52046190295368,-101.85732049812518
21.637,-31.902,2066425.7249456067,-3198253.5414094087,1283.8,1283.9,979125.3290368912,45.24719541321974,-97.42768363320684
21.641,-31.453,2066807.741995095,-3148109.6519592023,1220.8,1220.9,979094.4806004371,31.22010098397732,-104.1674246096452
21.646,-31.619,2067285.2633069558,-3166619.8739007683,1177.2,1177.3,979118.9846163238,28.90374117041938,-101.76794010390213
21.659,-31.981,2068526.8187177933,-3207101.6423364254,1320.6,1320.7,979128.1378069626,52.99902171606664,-93.81803758919693
21.66,-31.159,2068622.3229801655,-3115407.525340354,1270.0,1270.1,979062.4345929208,37.93339446198661,-102.16483040999677
21.661,-31.231,2068717.8272425374,-3123406.6931549124,1281.6,1281.7,979062.20568824,35.51930419693235,-107.41163024891654
21.663,-31.29,2068908.8357672817,-3129966.155867816,1334.2,1334.3,979055.697910652,40.50856034550816,-106.87837666136147
21.664,-31.582,2069004.3400296539,-3162491.2213783767,1214.7,1214.8,979108.9219583116,33.392870794050395,-101.27453601604375
21.676,-31.906,2070150.3911781192,-3198701.3620548733,1298.9,1299.0,979122.4675695176,46.71934513153974,-94.80295340818392
21.68,-31.805,2070532.4082276078,-3187399.8972360673,1231.3,1231.4,979125.9231807234,37.50313110195566,-99.7254789996934
21.681,-31.508,2070627.91248998,-3154238.877410533,1187.9,1188.0,979104.4729984548,26.63777857029345,-103.7272477677771
21.699,-31.04,2072346.9892126783,-3102200.117912093,1271.1,1271.2,979055.1031255472,40.45026900595985,-98.24117113102943
21.706,-31.731,2073015.519049283,-3179127.5332008754,1203.2,1203.3,979124.0143956188,32.91085412574466,-100.18848873863138
21.711,-31.844,2073493.0403611434,-3191762.348158418,1264.3,1264.4,979123.4852058332,42.08758675842546,-97.03572195036509
21.711,-31.192,2073493.0403611434,-3119073.047677461,1247.1,1247.2,979069.2089441316,35.00290964648593,-104.12570627063386
21.712,-31.104,2073588.5446235158,-3109301.184463139,1256.0,1256.1,979063.3801515102,38.95777538174298,-100.94993342205814
21.714,-31.614,2073779.5531482599,-3166061.851077758,1192.3,1192.4,979116.2124374683,31.19301712326705,-100.54850985180886
21.716,-31.654,2073970.5616730044,-3170526.8817302324,1192.6,1192.7,979120.438985128,32.28470019577071,-100.4876763689546
21.723,-31.343,2074639.0915096093,-3135862.0898607164,1255.3,1255.4,979073.6450010146,29.865084658260457,-108.44812381095085
21.727,-31.481,2075021.1085590979,-3151229.530326757,1188.7,1188.8,979101.2225486744,25.80720967741217,-105.54207067959155
21.765,-31.656,2078650.2705292383,-3170750.184178181,1199.1,1199.2,979117.4028346324,31.092272546258755,-102.21730497784074
21.772,-31.431,2079318.8003658429,-3145658.97955127,1200.3,1200.4,979090.6302635696,22.81483283545822,-109.75534169683479
21.778,-31.21,2079891.8259400758,-3121072.967482184,1248.3,1248.4,979069.0692953428,33.79240304545965,-105.1789523948161
21.782,-31.494,2080273.8429895644,-3152678.3657062766,1210.3,1210.4,979096.4049542084,26.606734822969884,-107.02520317411177
21.782,-31.388,2080273.8429895644,-3140870.704859466,1204.7,1204.8,979085.6727719394,22.670241490821358,-111.56801186824569
21.783,-31.855,2080369.3472519366,-3192993.1196272625,1288.5,1288.6,979120.7772485362,45.95374658622313,-97.19048681835602
21.783,-31.747,2080369.3472519366,-3180915.5866020606,1252.2,1252.3,979115.186582154,37.90519666322507,-101.20596365132042
21.793,-31.076,2081324.3898756574,-3106193.8739077253,1288.0,1288.1,979054.7053363392,42.39127755665686,-97.85928217655774
21.797,-31.008,2081706.4069251462,-3098651.392691603,1312.9,1313.0,979048.838241873,49.63312519562896,-94.5759209814116
21.809,-31.809,2082852.4580736116,-3187847.2424868504,1255.6,1255.7,979120.7358773354,39.48809755430557,-100.30156175339133
21.82,-31.692,2083903.0049597048,-3174770.4585064743,1227.7,1227.8,979115.4899417348,35.095247776131146,-101.43697051841113
21.822,-31.629,2084094.0134844491,-3167736.010373599,1219.6,1219.7,979107.3886164872,29.580794552108276,-106.17880069167356
21.826,-31.954,2084476.0305339377,-3204076.743861188,1315.1,1315.2,979122.5102118064,47.866118723060936,-95.96671406019325
21.834,-31.846,2085240.0646329145,-3191986.113765856,1276.1,1276.2,979120.5966407435,42.67703311494552,-98.14677243024491
21.852,-31.666,2086959.1413556128,-3171866.7692168225,1214.5,1214.6,979112.4472519496,30.08009665692225,-104.96310052649537
21.855,-31.514,2087245.6541427295,-3154907.740386626,1254.7,1254.8,979088.7092285464,30.99758192524314,-108.48156906650723
21.863,-31.37,2088009.6882417062,-3138866.9682731833,1262.0,1262.1,979071.2635462777,27.382731491001323,-111.36699999384655
21.869,-31.443,2088582.7138159391,-3146995.637936109,1224.9,1225.0,979084.1619911012,22.970449219923463,-112.58082006633
21.871,-31.049,2088773.7223406828,-3103198.4138601446,1287.7,1287.8,979053.932792946,43.682221982162446,-99.46756575658026
21.874,-31.208,2089060.2351277994,-3120850.7351926803,1283.7,1283.8,979059.0602854294,34.86365335283335,-107.24216207727437
21.882,-31.578,2089824.2692267764,-3162044.9797325665,1251.3,1251.4,979094.6599919546,30.74371491128113,-108.19451581691575
21.888,-31.782,2090397.2948010094,-3184828.0414092895,1242.3,1242.4,979118.8057143664,35.6399094137596,-98.92216239415208
21.892,-31.927,2090779.3118504977,-3201052.742968364,1309.0,1309.1,979121.877604014,47.54209723812528,-93.82242883164386
21.912,-31.309,2092689.3970979403,-3132079.407347491,1311.4,1311.5,979056.6240488376,32.87775455135852,-113.31835611884657
21.915,-31.178,2092975.9098850565,-3117517.8200537446,1277.3,1277.4,979059.248564724,35.47906391520519,-106.16481650054067
21.918,-31.85,2093262.4226721728,-3192433.659677196,1322.0,1322.1,979112.5266282704,48.44178176636342,-98.09714503487109
21.919,-31.705,2093357.9269345452,-3176222.6111704945,1267.9,1268.0,979106.1878431656,37.143827408668585,-103.9617301904884
21.926,-31.241,2094026.4567711498,-3124518.17516252,1291.6,1291.7,979058.2288749388,33.82614726864267,-109.08671463737647
21.945,-31.018,2095841.0377562202,-3099760.2400250724,1316.3,1316.4,979047.3893908252,48.43528459884692,-97.6055930668054
21.949,-31.379,2096223.054805709,-3139868.7881062436,1290.4,1290.5,979064.369906712,28.52698921703268,-115.16597812091555
21.964,-31.952,2097655.61874129,-3203852.7130285357,1331.3,1331.4,979121.0689225984,51.58423076348845,-94.77500567556655
21.965,-31.148,2097751.1230036626,-3114185.971072528,1283.5,1283.6,979057.8064861448,38.34958910057321,-103.82670982902005
21.965,-31.19,2097751.1230036626,-3118850.858081066,1346.4,1346.5,979046.502581464,43.08806849003304,-104.98316394334509
21.968,-31.558,2098037.635790779,-3159814.061456168,1244.3,1244.4,979090.1796291237,25.71582618285902,-111.52214745824367
21.979,-31.856,2099088.1826768722,-3193105.015292669,1307.3,1307.4,979115.1717486996,46.06646291865036,-99.08579183201715
21.98,-31.61,2099183.6869392446,-3165615.4546109173,1261.4,1261.5,979092.1428047292,28.76203323202208,-110.93967337720696
21.986,-31.464,2099756.712513477,-3149335.206098062,1276.2,1276.3,979073.1161224603,26.06058536551427,-114.95914116353188
21.992,-31.261,2100329.73808771,-3126741.4957408193,1304.9,1305.0,979055.70167012,33.79900808399543,-111.05680600722346
21.995,-31.8,2100616.250874826,-3186840.743171016,1270.6,1270.7,979114.8031467168,38.91083498264197,-101.5172125815314
20.009,-30.701,1910944.7858037918,-3064666.65419156,962.4,962.5,979106.9216626036,24.006596377817917,-82.68687268621025
20.039,-30.13,1913809.9136749555,-3001745.948016288,940.0,940.1,979068.0387579228,23.24648123641964,-81.35129375748019
20.084,-30.645,1918107.605481701,-3058479.290059168,969.3,969.4,979097.4454167885,21.09801510954276,-86.83551859761111
20.086,-30.177,1918298.6140064448,-3006911.074205953,900.0,900.1,979085.9465915406,25.125245199655183,-74.568515460987
20.101,-30.976,1919731.1779420269,-3095103.8702766644,1026.3,1026.4,979124.2961074272,39.22867491224315,-75.04928255596081
20.101,-30.119,1919731.1779420269,-3000537.447498032,920.0,920.1,979065.3996400536,15.299249675124884,-86.9641079639492
20.13,-30.831,1922500.8015508186,-3079044.1802596934,931.0,931.1,979124.8577989192,21.932191593688916,-80.39799616521027
20.145,-30.196,1923933.3654864004,-3008999.810084845,930.0,930.1,979073.1859260116,20.1289150667144,-83.58227215460339
20.147,-30.594,1924124.3740111443,-3052847.516732815,971.2,971.3,979090.0055689908,18.282720395713117,-89.91290065123972
20.164,-30.792,1925747.9464714709,-3074728.862239235,935.0,935.1,979115.3991007638,16.807125349296257,-85.69830730495597
20.212,-30.591,1930332.1510653326,-3052516.3292186456,947.7,947.8,979093.744275516,15.008476848481225,-90.5013611912354
20.227,-30.2,1931764.7150009142,-3009439.5958211278,920.0,920.1,979071.3229502682,14.86647358618211,-87.85518935257022
20.249,-30.069,1933865.8087731008,-2995045.97550446,918.0,918.1,979077.3150455876,30.5159366147127,-71.81570604281488
20.251,-30.649,1934056.8172978454,-3058921.12455626,995.6,995.7,979090.1312521128,21.581101936404597,-89.22798835883721
20.257,-30.706,1934629.842872078,-3065219.2736695386,950.8,950.9,979102.8029427516,15.912414411781356,-89.33905908146434
20.269,-30.525,1935775.8940205434,-3045232.8205782208,976.2,976.3,979080.3424193484,15.619516633916646,-93.29883989897044
20.293,-30.576,1938067.9963174742,-3050860.5469184667,948.9,949.0,979089.838435235,12.659794246777892,-91.94775870114452
20.294,-30.23,1938163.5005798468,-3012738.5644012005,930.0,930.1,979083.7375146678,28.009659620001912,-75.39966031421416
20.323,-30.974,1940933.124188638,-3094882.1900187917,976.9,977.0,979126.1230464408,25.97426830430049,-82.31259386477124
20.329,-30.919,1941506.1497628707,-3088787.8193926304,954.9,955.0,979122.24818942,19.69418063980993,-86.60730126005373
20.332,-30.876,1941792.6625499874,-3084025.5940625416,952.9,953.0,979118.254252966,18.506180536933243,-86.55424450506374
20.34,-30.278,1942556.6966489642,-3018019.0296665835,935.0,935.1,979089.9513323988,31.992458279128183,-72.09155839242338
20.343,-30.786,1942843.2094360804,-3074065.1241166326,949.1,949.2,979109.6078482856,15.842760721803645,-89.38058286725428
20.352,-30.494,1943702.7477974296,-3041813.503544411,955.2,955.3,979080.5718959452,11.819399209693074,-94.65312678926776
20.361,-30.938,1944562.2861587787,-3090892.7469971585,958.9,959.0,979122.2336660168,19.40038980939425,-87.24115452574357
20.369,-30.815,1945326.320257756,-3077273.5793489087,946.2,946.3,979110.314983748,13.350878485711291,-92.18234828112287
20.369,-30.554,1945326.320257756,-3048432.5340115004,970.5,970.6,979081.5945314076,12.820268842042424,-94.94414182873402
20.391,-30.051,1947427.4140299421,-2993069.731795825,880.0,880.1,979067.4902304164,10.376278165844267,-87.77408474959043
20.395,-30.755,1947809.4310794307,-3070636.476417857,940.1,940.2,979104.2505247444,10.170488024596125,-94.64408212669676
20.411,-30.82,1949337.4992773854,-3077826.8601303357,956.8,956.9,979106.9832312696,12.892084941035137,-93.69740941156604
20.419,-30.019,1950101.533376362,-2989557.3051508362,920.0,920.1,979057.952794816,15.685160691384226,-86.63372056131456
20.419,-30.461,1950101.533376362,-3038174.7942898343,942.0,942.1,979079.7240732572,9.504851776640862,-95.62342147986409
20.421,-30.897,1950292.5419011058,-3086351.0621737936,954.9,955.0,979115.2996685768,14.497302440926433,-91.68947850459338
20.424,-30.911,1950579.0546882225,-3087901.6604044638,954.5,954.6,979115.7996844632,13.759310562163591,-92.37901691747763
20.434,-30.53,1951534.0973119438,-3045784.426473755,925.3,925.4,979086.5128592156,5.690651532961056,-97.54937371863357
20.435,-30.952,1951629.6015743155,-3092444.0166514996,956.3,956.4,979118.0437563796,13.29285829665605,-92.89684319273434
20.441,-30.585,1952202.6271485484,-3051853.985249104,930.1,930.2,979090.1149152452,6.423804897814989,-96.36470731257408
20.448,-30.683,1952871.1569851537,-3062677.4634626806,943.9,944.0,979096.1009629047,8.905438404297456,-95.85017505876232
20.452,-30.069,1953253.174034642,-2995045.97550446,915.0,915.1,979061.4755741106,13.750855978694744,-87.52164653867398
20.454,-30.862,1953444.1825593861,-3082475.5679114675,952.2,952.3,979108.763137657,9.9129586070776,-95.52953278959085
20.461,-30.629,1954112.7123959907,-3056712.136593338,936.0,936.1,979093.4510189344,8.097017741529271,-96.0941244561917
20.461,-30.764,1954112.7123959907,-3071631.775363057,942.6,942.7,979102.9820507074,8.958768471609801,-96.01756229725946
20.462,-30.135,1954208.2166583634,-3002295.31139298,900.0,900.1,979080.4601936864,22.93435994128231,-77.51558916785136
20.463,-30.196,1954303.7209207353,-3008999.810084845,908.0,908.1,979079.1613843252,19.31659945123829,-81.86277276826112
20.466,-30.254,1954590.233707852,-3015378.471272524,940.0,940.1,979082.9479160984,28.41899458540138,-75.77575543155594
20.481,-30.447,1956022.7976434336,-3036631.475593922,930.0,930.1,979080.670963758,7.854377353214659,-95.56565397232035
20.492,-30.565,1957073.344529527,-3049646.470957321,934.8,934.9,979087.4535431908,6.794829478254542,-97.30530173661664
20.504,-30.372,1958219.3956779924,-3028367.5047984794,920.0,920.1,979095.3902338296,25.402832467923872,-77.01309263368053
20.515,-30.775,1959269.9425640858,-3072848.3794980417,942.4,942.5,979101.4996627668,6.541150011471473,-97.64552256300456
20.525,-30.473,1960224.9851878067,-3039497.81717557,920.0,920.1,979084.4017739728,6.447467642254196,-95.85081312037715
20.527,-30.31,1960415.9937125512,-3021540.7890289044,940.0,940.1,979078.0148141156,19.08081130729988,-84.29939847883986
20.539,-30.448,1961562.0448610166,-3036741.705218014,924.4,924.5,979087.992020641,13.368734351824967,-89.14444311505396
20.541,-30.414,1961753.0533857606,-3032994.5383838355,919.0,919.1,979091.6711795066,18.06419072696008,-83.5442495433892
20.549,-30.868,1962517.0874847379,-3083139.836838089,997.4,997.5,979096.718917805,11.336625817697495,-99.76965440827072
20.552,-30.243,1962803.600271854,-3014168.4331290605,920.0,920.1,979076.6930131244,16.85813473595772,-84.47157988543788
20.576,-30.181,1965095.7025687848,-3007350.774259616,913.0,913.1,979072.91117199,15.786804954172112,-85.18256289508783
20.577,-30.912,1965191.2068311574,-3088012.4261860843,1000.9,1001.0,979101.4937990824,13.689213699195534,-97.506314137731
20.593,-30.759,1966719.2750291112,-3071078.8199034883,955.1,955.2,979096.3939102883,6.624212680850178,-98.40443730921908
20.596,-30.122,1967005.7878162276,-3000867.0250636092,900.0,900.1,979073.8834420616,17.377085552434437,-81.91036160188294
20.597,-30.381,1967101.2920785998,-3029358.8428833834,920.0,920.1,979084.3971410702,13.700458346866071,-88.93225548934986
20.606,-30.208,1967960.8304399487,-3010319.221443912,900.0,900.1,979075.1228793686,11.867353998473844,-87.76053900839307
20.609,-30.51,1968247.3432270652,-3043578.174851115,977.1,977.2,979079.7778400788,16.51801704952959,-92.1585085517098
20.626,-30.828,1969870.9156873915,-3078712.1698927237,998.9,999.0,979090.4498559654,8.711552224587649,-101.6308254528381
20.628,-30.06,1970061.9242121354,-2994057.80828412,880.0,880.1,979064.4584512848,6.639745096326806,-91.52933324011656
20.634,-30.964,1970634.949786368,-3093773.8590774075,1023.0,1023.1,979100.2224596548,15.093489754013715,-99.01151113799799
20.669,-30.756,1973977.5989693927,-3070747.0605493286,957.2,957.3,979093.1181820666,4.234568940475583,-102.51984477514038
20.681,-30.548,1975123.650117858,-3047770.4451523684,976.5,976.6,979085.5943091592,19.14566755690612,-89.51393537143193
20.682,-30.371,1975219.1543802298,-3028257.3618122935,960.0,960.1,979083.1164997978,25.54913821152877,-81.1045309819971
20.687,-30.219,1975696.675692091,-3011528.8246101607,940.0,940.1,979070.5595474576,18.781314210616983,-85.29800829989918
20.709,-30.99,1977797.7694642772,-3096655.7634548442,1037.7,1037.8,979097.077063344,14.410424352507109,-100.9307807505073
20.715,-30.912,1978370.7950385099,-3088012.4261860843,1010.1,1010.2,979094.0396427768,9.073421315173618,-103.69697095592221
20.736,-30.845,1980376.3845483246,-3080593.7005464565,995.0,995.1,979090.8048417856,6.511592322727665,-104.4781507916422
20.743,-30.724,1981044.9143849295,-3067208.9433458103,962.2,962.3,979091.560357672,6.759109743521549,-100.14221336403331
20.744,-30.659,1981140.4186473014,-3060025.7915680096,939.5,939.6,979092.546477248,5.895710054319352,-98.52110403197202
20.748,-30.786,1981522.4356967902,-3074065.1241166326,975.5,975.6,979090.991120227,5.371090980013832,-103.50657518933771
20.748,-30.55,1981522.4356967902,-3047991.1368464944,979.7,979.8,979083.8675968238,18.248081662575714,-91.12788314211879
20.751,-30.201,1981808.9484839065,-3009549.545075193,925.0,925.1,979074.915771576,19.923433486255817,-83.15459744785979
20.76,-30.479,1982668.4868452558,-3040159.390366935,998.6,998.7,979074.7703033492,20.59247624326963,-90.85072436190586
20.767,-30.422,1983337.0166818604,-3033876.1060306965,983.3,983.4,979078.0646210804,23.665060592116788,-85.77983076592763
20.77,-30.375,1983623.5294689764,-3028697.94058425,960.0,960.1,979084.7640341308,26.88145701168105,-80.21942807100731
20.785,-30.365,1985056.093404559,-3027596.52778643,949.8,949.9,979087.4367331396,27.195154124172404,-78.67460156939497
20.791,-30.955,1985629.1189787914,-3092776.4614410056,1079.6,1079.7,979081.1437649128,14.193790219957007,-105.77862237186204
20.791,-30.598,1985629.1189787914,-3053289.116193095,949.7,949.8,979091.7540834972,13.08132563205436,-92.78084971969433
20.817,-30.184,1988112.2298004664,-3007680.5611329386,895.0,895.1,979076.0274965478,13.113936765235849,-86.6135475816362
20.831,-30.661,1989449.289473676,-3060246.7388201733,969.0,969.1,979087.2722030733,9.56449073238764,-98.42883258144067
20.842,-30.852,1990499.8363597693,-3081368.546314035,1006.0,1006.1,979084.416957258,2.960699450224638,-108.70146551010563
20.848,-30.395,1991072.8619340023,-3030901.107637543,990.0,990.1,979082.1440525774,31.940797366551124,-78.50179301813723
20.857,-30.462,1991932.400295351,-3038285.0399095663,999.5,999.6,979078.3481161236,25.790192636311986,-85.75826312979075
20.873,-30.4,1993460.4684933054,-3031451.9705794966,993.4,993.5,979079.773322649,30.22483624983579,-80.64656052501331
20.875,-30.6,1993651.4770180492,-3053509.9228277253,969.1,969.2,979087.088465628,14.242820037645288,-93.30524645502484
20.876,-30.701,1993746.9812804218,-3064666.65419156,984.9,985.0,979085.934259956,9.960980644682422,-99.67291391197165
20.876,-30.526,1993746.9812804218,-3045343.139463922,1004.5,1004.6,979076.8117917292,20.74103960581124,-91.25857710913964
20.889,-30.16,1994988.5366912594,-3005042.5500593698,935.0,935.1,979062.025545914,13.337178826332092,-90.28026131123961
20.895,-30.596,1995561.562265492,-3053068.3141616127,962.8,962.9,979087.8026730068,13.329917903174646,-93.93905424678843
20.91,-30.841,1996994.1262010739,-3080150.957169692,1032.7,1032.8,979079.2930066244,6.948942039976828,-108.26699875453224
20.914,-30.783,1997376.1432505625,-3073733.270738528,1016.0,1016.1,979080.2536178305,7.366955580189824,-105.51471570507499
20.919,-30.408,1997853.664562423,-3032333.4105399083,990.0,990.1,979070.6401337167,19.41185117908753,-90.37022930739168
20.927,-30.622,1998617.6986614,-3055939.0997481374,977.5,977.6,979084.710276696,12.714486386161298,-96.27774495302653
20.945,-30.727,2000336.7753840983,-3067540.591428431,1006.8,1006.9,979082.3766262004,11.097430101013742,-100.95662045520463
20.949,-30.561,2000718.7924335871,-3049205.0232602665,963.0,963.1,979084.1801420868,12.53831612598151,-94.7835726666083
20.956,-30.414,2001387.3222701917,-3032994.5383838355,965.7,965.8,979073.1596504567,13.961028230027296,-92.45449351821628
20.959,-30.689,2001673.8350573075,-3063340.4854174103,995.9,996.0,979082.7620317342,11.134072632412426,-99.94691918089431
20.963,-30.126,2002055.8521067963,-3001306.4775489923,910.0,910.1,979065.4174372682,11.682800563052297,-87.97662059168519
20.969,-30.484,2002628.8776810293,-3040710.7328178124,997.4,997.5,979073.776413865,18.833501112181693,-92.37061519595827
20.989,-30.926,2004538.9629284716,-3089563.26990008,1091.5,1091.6,979072.5329297516,11.56459799001459,-108.93285056393135
20.996,-30.408,2005207.4927650762,-3032333.4105399083,980.0,980.1,979070.8940886172,16.580564243602566,-91.63702108700335
20.997,-30.562,2005302.9970274484,-3049315.383461402,957.7,957.8,979081.049779256,7.693667002837174,-99.061229293922
20.997,-30.856,2005302.9970274484,-3081811.3409637646,1091.1,1091.2,979070.2658269156,14.745778691140004,-106.70188774927817
21.007,-30.819,2006258.03965117,-3077716.2016470097,1055.2,1055.3,979076.1944063484,12.54095493722707,-105.16680435059745
21.013,-30.769,2006831.0652254026,-3072184.7598322053,1038.4,1038.5,979078.233208193,13.369199792854488,-102.15602400047396
21.022,-30.284,2007690.6035867513,-3018679.271157515,970.0,970.1,979065.3040259242,17.67172883101739,-90.52647727146793
21.038,-30.23,2009218.6717847055,-3012738.5644012005,960.0,960.1,979062.9789632312,16.507043552119285,-89.68100609127296
21.039,-30.345,2009314.1760470774,-3025394.0433632154,1000.0,1000.1,979064.1497015298,20.971648704260588,-90.46780649412155
21.068,-30.185,2012083.7996558691,-3007790.4923449336,900.0,900.1,979071.1862491894,9.7368719415972,-90.3027875803464
21.072,-30.12,2012465.8167053575,-3000647.3055630075,880.0,880.1,979071.0889239416,8.56858860491775,-89.12132499797156
21.073,-30.374,2012561.32096773,-3028587.7941844007,1000.0,1000.1,979062.6330986936,17.170333289308473,-93.71616140335405
21.101,-30.59,2015235.440314149,-3052405.9356814325,1000.3,1000.4,979073.5521145804,11.123846686794424,-99.51855949094308
21.103,-30.985,2015426.4488388936,-3096101.4894944653,1179.3,1179.4,979062.2122416728,23.628237621160224,-106.70760152456279
21.105,-30.016,2015617.4573636379,-2989228.0738681266,858.0,858.1,979068.845836992,7.683415829320438,-87.90559346151693
21.107,-30.924,2015808.4658883817,-3089341.7067640377,1159.0,1159.1,979062.9305911772,22.94532684842125,-105.99068746985503
21.112,-30.717,2016285.9872002425,-3066435.138349245,1110.5,1110.6,979060.965067774,22.471904058242217,-100.03513691075634
21.113,-30.861,2016381.4914626146,-3082364.8605053215,1094.3,1094.4,979070.7819331648,15.85136920947116,-104.98500223391143
21.116,-30.081,2016668.004249731,-2996363.6730079376,892.0,892.1,979067.3375125976,11.576371419243516,-87.91871257148519
21.118,-30.787,2016859.012774475,-3074175.744232578,1088.7,1088.8,979070.426362102,19.650771142565645,-101.37446981385668
21.12,-30.459,2017050.0212992195,-3037954.306479069,954.4,954.5,979070.8646004004,4.629017505329102,-101.65645370825048
21.121,-30.602,2017145.5255615916,-3053730.734065961,999.8,999.9,979073.7168386988,10.184537703054955,-100.41899025793445
21.125,-30.643,2017527.54261108,-3058258.379731832,1027.0,1027.1,979071.7668545854,13.379538909415714,-100.88207402115445
21.144,-30.514,2019342.12359615,-3044019.3884976865,952.3,952.4,979075.5059657912,4.278612725669518,-101.87148532170323
21.149,-30.36,2019819.6449080112,-3027045.8640447645,960.0,960.1,979066.401981678,9.701334749464875,-97.38110604355994
21.154,-30.36,2020297.1662198715,-3027045.8640447645,959.6,959.7,979065.2027199762,8.378661774098873,-98.70265110335649
21.164,-30.415,2021252.2088435933,-3033104.730348291,953.0,953.1,979067.7292835223,4.533489264547825,-101.21251321090713
21.166,-30.576,2021443.217368337,-3050860.5469184667,996.9,997.0,979071.8499582746,9.480508309789002,-99.74006072367555
21.177,-30.939,2022493.7642544303,-3091003.544362211,1195.3,1195.4,979056.692736716,26.710907557047904,-97.33102773671756
21.182,-30.623,2022971.285566291,-3056049.530126196,1013.1,1013.2,979072.1018638086,11.01024179207161,-101.85924942174633
21.183,-30.362,2023066.7898286632,-3027266.1261295932,932.2,932.3,979070.7189909013,5.283635641913861,-95.86528552714847
21.185,-30.115,2023257.7983534073,-3000098.0264723063,880.0,880.1,979073.6996497668,11.571333751897328,-86.69565101602275
21.208,-30.733,2025454.3963879661,-3068203.9188676723,1102.6,1102.7,979064.2007852292,22.000916266348213,-100.67271558852137
21.215,-30.387,2026122.9262245712,-3030019.7861629133,950.0,950.1,979066.7401347336,4.826475379639305,-98.25707949206509
21.228,-30.679,2027364.4816354087,-3062235.4719408033,1042.1,1042.2,979071.5714683512,14.989834254840387,-100.9898345299284
21.247,-30.404,2029179.062620479,-3031892.6814424414,958.7,958.8,979066.9790318976,6.40931408200413,-98.8281658315579
21.249,-30.094,2029370.0711452228,-2997791.3608561303,878.0,878.1,979075.7512860824,14.651937585091218,-82.49079292536943
21.252,-30.903,2029656.5839323394,-3087015.576228391,1170.1,1170.2,979061.0356355868,26.14688829856459,-103.5447279988067
21.253,-30.546,2029752.0881947116,-3047549.7580498788,969.6,969.7,979075.4657150196,7.046395937795751,-101.03369190925932
21.278,-30.833,2032139.6947540145,-3079265.5263256226,1168.2,1168.3,979059.5962467928,29.690663215704262,-100.54141339710574
21.29,-30.409,2033285.7459024803,-3032443.5956638474,960.0,960.1,979067.3508579986,6.787947519682348,-99.40815384496369
21.293,-30.421,2033572.2586895966,-3033765.906083037,965.4,965.5,979066.4348897716,6.591599449282512,-100.93648420224656
21.296,-30.982,2033858.7714767128,-3095768.9391979077,1293.3,1293.4,979041.5747710492,38.39713051763829,-104.30499453175986
21.297,-30.902,2033954.275739085,-3086904.8209651187,1226.8,1226.9,979050.9433028224,33.62554559193086,-98.67483339431979
21.298,-30.772,2034049.7800014568,-3072516.5644413102,1110.1,1110.2,979067.0284775743,24.04630867124069,-99.08271522982035
21.308,-30.704,2035004.8226251781,-3064998.222407685,1053.6,1053.7,979072.238858852,17.22278287145309,-99.51534860637369
21.313,-30.071,2035482.343937039,-2995265.5805458557,875.0,875.1,979072.9660177176,12.743061512126587,-84.96086552322771
21.315,-30.475,2035673.3524617832,-3039718.3369976585,1000.0,1000.1,979064.926875592,11.496838665916584,-99.59159992232686
21.317,-30.497,2035864.3609865278,-3042144.357083558,1011.2,1011.3,979064.2539550246,12.541814298951069,-100.11698458885267
21.329,-30.525,2037010.4121349931,-3045232.8205782208,993.2,993.3,979069.3480344574,9.870030276710168,-99.8266743210148
21.336,-30.396,2037678.9419715977,-3031011.2779474184,980.0,980.1,979064.5829316216,11.215594802401029,-97.10514058839759
21.337,-30.541,2037774.4462339699,-3046998.060379055,1000.0,1000.1,979069.8551540332,11.210279240855016,-99.88655083870428
21.342,-30.395,2038251.9675458306,-3030901.107637543,967.8,967.9,979064.9188128988,7.866299208835699,-99.82745540365494
21.344,-30.86,2038442.9760705747,-3082254.154265199,1175.5,1175.6,979057.9589082184,28.15804470598232,-99.73044621286185
21.359,-30.892,2039875.5400061568,-3085797.3325855155,1227.1,1227.2,979050.37513063,33.945973686059006,-97.72756497021828
21.359,-30.581,2039875.5400061568,-3051412.4456042685,994.6,994.7,979072.4059483614,8.931294450187124,-102.04895196623235
21.369,-30.982,2040830.5826298778,-3095768.9391979077,1278.8,1278.9,979044.6669408449,37.01638904714491,-104.95904415926162
21.385,-30.809,2042358.6508278323,-3076609.6808009516,1109.7,1109.8,979067.2094726178,21.16446534905117,-99.82250535508086
21.386,-30.598,2042454.155090204,-3053289.116193095,1000.0,1000.1,979072.955758576,9.801777113927528,-101.70850649767867
21.388,-30.041,2042645.163614948,-2991971.9753952734,880.0,880.1,979073.966512761,17.635470159351826,-80.2926374277734
21.413,-30.953,2045032.770174251,-3092554.830409921,1281.1,1281.2,979043.5436716264,38.91424902062863,-100.85068716806137
21.415,-30.909,2045223.7786989955,-3087680.1323479787,1349.5,1349.6,979028.7142510592,48.689273193944246,-101.42528043464051
21.423,-30.763,2045987.8127979722,-3071521.1819506087,1088.4,1088.5,979070.8874893576,21.925442310399376,-97.82852044746271
21.425,-30.374,2046178.8213227168,-3028587.7941844007,980.0,980.1,979063.8405211308,12.207281986717136,-96.76830424285721
21.428,-30.582,2046465.334109833,-3051522.8287906228,1045.2,1045.3,979063.3264024084,15.383631412521936,-99.36708688626925
21.435,-30.37,2047133.8639464376,-3028147.2199638817,971.9,972.0,979065.674450068,11.857362194918096,-96.41710611217952
21.445,-30.393,2048088.9065701594,-3030680.770435166,968.3,968.4,979066.5475136144,9.806936281733217,-97.67172148669971
21.452,-30.065,2048757.4364067642,-2994606.7788690836,890.0,890.1,979073.9972995725,18.87241792865097,-80.38215006960856
21.454,-30.639,2048948.4449315085,-3057816.572917275,1020.0,1020.1,979072.70963319,12.479564835550264,-99.48144518240103
21.458,-30.508,2049330.461980997,-3043357.5749024185,990.1,990.2,979067.5477920558,8.456805534195155,-100.10455846000865
21.459,-30.64,2049425.9662433688,-3057927.0228910455,1016.9,1017.0,979073.7094350348,12.443747258395888,-100.73664046678557
21.462,-30.903,2049712.4790304853,-3087015.576228391,1276.0,1276.1,979044.3653087956,42.14526211004704,-98.16198890002553
21.465,-30.987,2049998.9918176017,-3096323.195558407,1369.3,1369.4,979029.7559517748,49.623349909321405,-100.92076959833543
21.47,-30.717,2050476.5131294623,-3066435.138349245,1051.5,1051.6,979073.2460312076,16.550884948694147,-99.86113775418849
21.476,-30.449,2051049.5387036952,-3036851.93598428,978.7,978.8,979066.8071900732,8.858095138217323,-96.88338048792095
21.477,-30.353,2051145.042966067,-3026274.982564984,1000.0,1000.1,979058.1072619891,14.29907406680286,-96.89783156037392
21.489,-30.607,2052291.0941145327,-3054282.7823053594,1005.4,1005.5,979071.930841422,9.730450449511409,-100.87252994610463
21.498,-30.408,2053150.6324758818,-3032333.4105399083,982.8,982.9,979063.6993731952,10.249717994825916,-98.65195082511228
21.507,-30.658,2054010.170837231,-3059915.319673415,1040.0,1040.1,979070.6249367414,15.059854853665456,-99.63906376939372
21.51,-30.659,2054296.6836243472,-3060025.7915680096,1051.2,1051.3,979068.871246956,16.682275144499727,-99.52755985515627
21.513,-30.358,2054583.196411464,-3026825.606508522,1015.7,1015.8,979056.1512946156,16.793004661099985,-95.67564423207261
21.522,-30.866,2055442.7347728123,-3082918.4091974474,1323.4,1323.5,979033.0244217082,48.37083040724974,-96.67709497558195
21.526,-30.546,2055824.751822301,-3047549.7580498788,980.0,980.1,979069.93014412,4.719482320942916,-103.43590613966225
21.531,-30.085,2056302.2731341617,-2996802.9413868957,910.0,910.1,979068.4139141917,17.893068452714942,-83.58799621656773
21.534,-30.367,2056588.785921278,-3027816.801244716,1040.0,1040.1,979054.7865253974,22.21613707661163,-92.53246795118301
21.552,-30.516,2058307.8626439762,-3044240.002196481,982.3,982.4,979066.480827242,4.351208704756573,-105.11777772328877
21.56,-30.918,2059071.896742953,-3088677.0454268013,1357.8,1357.9,979030.5703590153,52.38898010225967,-95.33426698962762
21.574,-30.482,2060408.9564161634,-3040490.192405155,971.8,971.9,979067.6124225616,4.929250320303254,-102.86735379496706
21.577,-30.96,2060695.4692032794,-3093330.55952117,1346.3,1346.4,979035.0560814271,49.98121908027679,-99.9656567092164
21.579,-30.692,2060886.4777280237,-3063672.012000519,1110.0,1110.1,979062.13366086,25.469092958490364,-97.70126428729668
21.585,-30.459,2061459.5033022566,-3037954.306479069,975.0,975.1,979065.8372561792,5.957325124647468,-102.00491773604794
21.593,-30.843,2062223.5374012333,-3080372.3265281254,1264.2,1264.3,979044.3969150448,43.31098867428955,-94.4396456071079
21.593,-30.686,2062223.5374012333,-3063008.969238652,1103.7,1103.8,979062.1831374568,24.050732431118377,-98.49923984278155
21.593,-30.067,2062223.5374012333,-2994826.3749456867,920.0,920.1,979062.1347645492,16.109379671048373,-86.14384653756505
21.594,-30.403,2062319.0416636055,-3031782.5020173616,1000.0,1000.1,979057.7314393014,9.982656682957897,-101.41371266305552
21.597,-30.513,2062605.5544507222,-3043909.0833672523,980.0,980.1,979069.755455188,7.153299133176915,-102.24771902796012
21.606,-30.415,2063465.0928120709,-3033104.730348291,989.4,989.5,979060.305598167,8.340155393700115,-101.60314251235135
21.626,-30.496,2065375.1780595134,-3042034.071425605,975.8,975.9,979068.0376065368,5.482769319671206,-103.36084439586689
21.631,-30.72,2065852.6993713737,-3066766.762114945,1157.7,1157.8,979053.396360722,29.226412895484827,-98.64410447241558
21.64,-30.72,2066712.2377327234,-3066766.762114945,1160.0,1160.1,979053.7339083815,30.273503339034505,-98.10885437333226
21.641,-30.581,2066807.741995095,-3051412.4456042685,996.4,996.5,979072.8560672472,9.936752038192935,-101.09299557099995
21.645,-30.55,2067189.7590445834,-3047991.1368464944,990.0,990.1,979070.9811784532,8.539452810422517,-101.1795257856316
21.648,-30.958,2067476.2718317,-3093108.916774104,1322.4,1322.5,979040.031432638,47.74354050785769,-99.57429971568936
21.668,-30.403,2069386.3570791425,-3031782.5020173616,976.5,976.6,979060.8243147688,5.825224124011584,-103.13626405544899
21.673,-30.027,2069863.878391003,-2990435.3044272475,923.2,923.3,979054.608957748,12.702600110205822,-89.27058271318491
21.675,-30.855,2070054.886915747,-3081700.640552881,1204.0,1204.1,979059.7820689538,39.17094100418035,-94.04497383767006
21.678,-30.398,2070341.3997028638,-3031231.6219848273,980.0,980.1,979061.434854912,7.909835664671846,-100.38932562762079
21.679,-30.027,2070436.903965236,-2990435.3044272475,940.0,940.1,979053.8894343448,17.166455889469944,-86.3262689364283
21.701,-30.767,2072537.9977374226,-3071963.5625629323,1132.2,1132.3,979064.2637679623,28.49655604979489,-94.37132454080191
21.702,-30.765,2072633.501999795,-3071742.3699358883,1160.0,1160.1,979060.2978315088,33.26569006941281,-95.80847982026557
21.713,-30.086,2073684.048885888,-2996912.7612853865,940.0,940.1,979055.3829744876,14.039826366933994,-90.56526560200896
21.713,-30.987,2073684.048885888,-3096323.195558407,1286.0,1286.1,979049.0790698072,43.25086944119539,-98.85883988194243
21.715,-30.609,2073875.057410632,-3054503.60965985,1018.9,1019.0,979072.3091174668,14.115399348782375,-99.02601493061226
21.717,-30.673,2074066.0659353763,-3061572.519320654,1055.8,1055.9,979070.8288081056,18.94942448171787,-98.59072593929228
21.72,-30.642,2074352.5787224928,-3058147.926298266,1049.4,1049.5,979069.7203482486,18.32298513874412,-96.93503936206373
21.73,-30.153,2075307.621346214,-3004273.2523459587,934.0,934.1,979058.3558959084,9.908254887443036,-94.36256546995354
21.734,-30.579,2075689.638395703,-3051191.6826809277,1005.7,1005.8,979072.934943568,13.043117359397002,-98.92066636922165
21.739,-30.509,2076167.1597075632,-3043467.874303932,975.8,975.9,979068.2045230007,4.622632663929835,-104.26556588485997
21.741,-30.791,2076358.1682323075,-3074618.236314119,1134.3,1134.4,979068.9412136396,31.915603737346828,-94.21734407899174
21.747,-30.442,2076931.19380654,-3036080.3446040684,973.6,973.7,979059.9064995976,0.9363395256223156,-107.3395976137678
21.755,-30.382,2077695.2279055167,-3029468.997250444,975.0,975.1,979057.1875154842,3.381154960137792,-105.34902167304922
21.76,-30.381,2078172.7492173777,-3029358.8428833834,976.5,976.6,979056.8198808752,3.555126073071733,-105.39772621949011
21.773,-30.805,2079414.304628215,-3076167.1050296864,1125.0,1125.1,979073.3034761944,32.29643097240478,-92.96784243182248
21.785,-30.81,2080560.3557766809,-3076720.327651112,1131.8,1131.9,979072.6015397408,33.294948965194635,-92.74854097413072
21.785,-30.862,2080560.3557766809,-3082475.5679114675,1163.5,1163.6,979068.8720715138,35.21017366787419,-93.94367439055137
21.792,-30.948,2081228.8856132857,-3092000.7733305763,1259.5,1259.6,979053.6975163376,42.80337398755364,-94.84107802003751
21.798,-30.643,2081801.911187518,-3058258.379731832,1124.7,1124.8,979057.5238424386,29.277897509513423,-90.46360880794921
21.812,-30.217,2083138.9708607283,-3011308.8866017875,938.0,938.1,979059.4887078296,7.250534597085789,-97.35038409634342
21.822,-30.162,2084094.0134844491,-3005262.3595373253,930.0,930.1,979058.0033115188,7.615331826149486,-96.0877402697391
21.825,-30.379,2084380.5262715658,-3029138.5375642367,979.4,979.5,979055.0524152082,2.840013765846379,-105.7680679960328
21.826,-30.378,2084476.0305339377,-3029028.386612037,978.0,978.1,979055.3575105276,2.7919861995615065,-106.02904428064694
21.835,-30.84,2085335.5688952866,-3080040.2742377915,1180.0,1180.1,979065.9237964856,39.10184179502539,-92.04573185025001
21.837,-30.103,2085526.5774200312,-2998779.8712125686,967.0,967.1,979045.3177095362,10.97263680328615,-96.84923832077517
21.838,-30.843,2085622.0816824033,-3080372.3265281254,1181.3,1181.4,979065.1509478346,38.49146884109359,-92.65005225098182
21.839,-30.053,2085717.5859447753,-2993289.296509841,962.0,962.1,979042.5692337928,10.598619590513408,-96.77950802091425
21.846,-30.921,2086386.1157813799,-3089009.3708325666,1235.4,1235.5,979057.1305991836,40.95289617124945,-93.57959010217698
21.848,-30.675,2086577.1243061242,-3061793.498906298,1090.9,1091.0,979066.4861786164,25.27694664057344,-95.563508020846
21.849,-30.311,2086672.6285684966,-3021650.862715202,956.0,956.1,979061.7482103896,7.67198420886416,-99.0416187770533
21.867,-30.431,2088391.7052911948,-3034867.956897378,975.0,975.1,979062.409337482,4.739038417581469,-103.6356021505225
21.871,-30.437,2088773.7223406828,-3035529.2421599682,984.9,985.0,979060.6223851416,5.533090227865614,-103.73725377390528
21.875,-30.888,2089155.7393901716,-3085354.3699361826,1250.0,1250.1,979056.6675916668,47.62110190128442,-91.20086659084458
21.876,-30.887,2089251.243652544,-3085243.6321929866,1240.8,1240.9,979056.0747823056,44.26983864221256,-92.49155323201694
21.88,-30.357,2089633.2607020324,-3026715.479445978,963.0,963.1,979060.3856476966,4.846928702434525,-102.52360855617682
21.904,-30.481,2091925.362998963,-3040379.923915037,1019.1,1019.2,979056.0055448606,7.994443378876895,-105.63708972661519
21.905,-30.483,2092020.8672613357,-3040600.462039394,1021.0,1021.1,979056.126783159,8.543921388336457,-105.28817744782293
21.906,-30.276,2092116.3715237074,-3017798.958230044,954.0,954.1,979058.7602990456,6.820821543107741,-99.33016199451781
21.91,-30.546,2092498.388573196,-3047549.7580498788,1034.8,1034.9,979061.736362592,13.432597246719524,-101.83599067460909
21.911,-30.545,2092593.8928355682,-3047439.416220356,1035.0,1035.1,979062.0309102515,13.867918681004085,-101.40033123707256
21.915,-30.59,2092975.9098850565,-3052405.9356814325,1043.6,1043.7,979066.5354896844,17.466033931821585,-98.46810684706722
21.92,-30.93,2093453.4311969173,-3090006.41021041,1326.8,1326.9,979042.6761569198,53.97648221137933,-92.45180109303894
21.926,-30.61,2094026.4567711498,-3054614.0250641988,1050.0,1050.1,979067.8038952184,19.125845412374478,-97.58667319631962
21.926,-30.936,2094026.4567711498,-3090671.1557785426,1340.0,1340.1,979040.6062606092,55.500430325744674,-93.04333894496065
21.946,-30.636,2095936.5420185926,-3057485.2299146396,1051.9,1052.0,979070.4173559285,20.26655821641907,-96.91637430086108
21.954,-30.36,2096700.5761175693,-3027045.8640447645,997.0,997.1,979056.8480783404,11.56287301843986,-98.81291634255187
21.976,-30.658,2098801.6698897555,-3059915.319673415,1055.0,1055.1,979073.3696418866,22.432261552196,-94.92145637439263
21.984,-30.963,2099565.7039887332,-3093663.0324304393,1314.1,1314.2,979045.7244437312,50.47772704530507,-95.633347130851
21.984,-30.247,2099565.7039887332,-3014608.4311685576,980.0,980.1,979047.3960867104,5.758611666504294,-102.70900519086159
21.995,-30.97,2100616.250874826,-3094438.843574046,1272.5,1272.6,979055.6081979162,46.970922416076064,-89.82826190754571
